Title,Quality Control Analysis,Writing,Active Learning,Systems Analysis,Negotiation,Operations Monitoring,Learning Strategies,Installation,Troubleshooting,Science,Social Perceptiveness,Programming,Complex Problem Solving,Speaking,Critical Thinking,Equipment Selection,Management of Personnel Resources,Time Management,Systems Evaluation,Technology Design,Repairing,Service Orientation,Operation and Control,Persuasion,Reading Comprehension,Judgment and Decision Making,Coordination,Mathematics,Management of Financial Resources,Operations Analysis,Instructing,Equipment Maintenance,Management of Material Resources,Active Listening,Monitoring
Chief Executives,1,6,7,10,8,1,5,0,0,0,6,1,10,8,7,0,10,10,10,1,0,4,1,10,7,10,10,4,10,6,6,0,10,6,10
Chief Sustainability Officers,2,6,6,7,4,2,6,0,0,2,5,1,7,7,5,0,6,6,7,1,0,4,1,8,6,5,6,3,4,5,5,0,3,5,7
General and Operations Managers,3,5,6,5,5,2,4,0,1,0,5,0,6,7,4,0,7,7,5,1,0,4,1,7,6,5,7,2,5,3,4,0,5,5,7
Advertising and Promotions Managers,1,5,6,5,5,0,5,0,0,0,5,1,5,7,5,0,5,7,5,1,0,4,0,7,5,5,6,3,4,4,4,0,4,5,6
Marketing Managers,2,4,7,6,6,1,5,0,0,1,5,1,6,6,5,0,6,6,6,1,0,4,0,9,6,5,6,3,5,6,4,0,4,5,7
Sales Managers,1,5,6,6,6,1,6,0,0,0,5,1,6,7,5,0,7,7,7,1,0,7,1,9,6,5,7,3,5,4,6,0,5,5,8
Administrative Services Managers,3,5,4,5,5,2,5,0,1,0,4,0,4,6,4,0,6,8,4,1,0,4,1,5,6,3,6,2,4,4,4,0,4,5,5
Computer and Information Systems Managers,5,5,6,6,4,4,5,0,4,1,4,3,6,6,5,3,6,6,7,3,1,4,1,6,6,5,6,3,5,5,5,0,5,5,8
Financial Managers,2,5,6,5,5,1,5,0,0,0,4,1,6,7,5,0,6,7,5,1,0,6,0,6,7,5,6,4,5,1,4,0,3,5,7
Treasurers and Controllers,2,5,7,7,4,1,5,0,0,0,3,1,8,7,6,0,5,7,7,1,0,3,0,6,7,7,5,5,9,4,4,0,4,5,8
Investment Fund Managers,1,5,6,6,4,1,4,0,0,0,3,1,6,6,5,0,4,6,6,2,0,3,0,6,6,6,4,4,4,2,4,0,3,5,6
Industrial Production Managers,7,5,6,7,5,5,7,0,3,1,4,1,6,6,5,3,7,8,6,1,2,4,3,6,6,6,7,4,6,4,5,1,7,5,9
Quality Control Systems Managers,10,5,6,7,4,5,5,0,5,2,4,1,6,6,5,2,5,6,7,2,1,4,3,6,6,6,6,3,4,4,5,1,4,5,8
Geothermal Production Managers,5,5,5,6,4,5,5,0,5,2,4,1,5,6,5,5,6,7,6,3,5,3,3,5,6,5,6,4,5,2,5,3,5,4,8
Biofuels Production Managers,5,4,5,5,4,5,6,0,3,4,4,1,5,5,4,0,6,6,5,2,0,4,4,5,6,5,6,3,4,2,5,1,4,4,6
Biomass Power Plant Managers,7,4,5,5,4,5,6,0,1,5,4,2,2,4,3,0,6,5,6,1,0,5,2,5,5,4,5,3,4,2,5,1,6,4,6
Hydroelectric Production Managers,8,5,5,5,5,5,7,2,0,6,5,5,1,3,3,0,7,4,6,0,5,5,0,5,5,4,4,4,4,1,5,2,7,3,5
Purchasing Managers,6,4,4,6,3,6,4,0,5,2,3,1,6,6,5,3,7,7,5,1,3,3,3,5,6,5,7,3,5,2,5,3,6,4,8
"Transportation, Storage, and Distribution Managers",7,5,6,5,5,5,6,0,5,4,3,1,5,7,4,3,6,7,6,2,4,5,4,6,6,5,6,4,5,2,6,4,5,5,6
Supply Chain Managers,2,5,5,6,6,2,5,0,1,0,5,1,4,6,4,0,7,8,5,2,0,6,0,8,6,5,6,3,5,4,6,0,7,5,7
Compensation and Benefits Managers,3,5,5,5,5,2,5,0,1,0,4,0,5,6,5,0,6,7,6,1,0,4,1,6,6,4,7,3,5,4,4,0,5,4,7
Human Resources Managers,2,5,6,7,6,2,5,0,1,0,5,1,6,6,5,0,6,8,7,2,0,4,0,7,6,6,7,3,4,3,4,0,7,5,7
Training and Development Managers,1,6,6,6,4,0,4,0,0,0,4,1,4,7,5,0,6,7,6,1,0,4,0,5,6,5,4,3,5,4,4,0,2,5,5
"Farmers, Ranchers, and Other Agricultural Managers",5,4,5,5,4,4,4,0,3,3,3,0,4,5,4,3,5,6,5,1,2,3,3,6,4,5,5,3,4,3,4,2,5,4,6
Construction Managers,6,4,6,5,6,4,4,0,2,1,4,0,6,6,5,0,8,8,6,1,0,3,1,6,6,6,8,4,6,5,4,0,6,5,7
"Education and Childcare Administrators, Preschool and Daycare",2,5,6,5,5,1,7,0,1,0,5,0,5,6,5,0,7,7,5,1,0,7,0,6,6,5,7,3,5,1,6,0,5,5,7
"Education Administrators, Kindergarten through Secondary",5,6,7,6,6,1,9,0,1,1,6,1,7,8,6,0,8,8,8,1,0,7,0,7,8,7,8,3,6,3,7,0,5,6,9
"Education Administrators, Postsecondary",0,6,7,6,6,1,7,0,0,0,5,0,6,7,6,0,7,8,6,1,0,6,0,7,7,5,6,3,4,1,7,0,5,5,8
Architectural and Engineering Managers,6,6,7,5,5,3,5,0,2,3,4,1,7,6,5,0,6,8,5,2,0,4,1,6,7,6,7,5,4,3,5,0,5,5,7
Biofuels/Biodiesel Technology and Product Development Managers,6,5,5,6,4,4,4,0,2,4,2,1,6,5,4,4,5,5,6,2,1,3,1,5,6,5,4,3,2,3,4,1,2,3,5
Food Service Managers,4,3,5,3,4,2,5,0,2,1,4,0,3,5,4,1,6,6,3,0,1,6,1,5,5,2,6,3,4,3,5,1,5,4,6
Gambling Managers,3,5,5,4,5,2,5,0,1,0,5,1,4,6,5,0,7,7,4,1,0,6,0,6,5,5,7,3,3,2,5,0,3,4,7
Lodging Managers,4,5,6,4,6,2,6,0,2,0,5,1,5,6,4,1,7,7,6,1,1,7,2,8,5,5,6,3,5,1,6,1,6,5,6
Medical and Health Services Managers,2,6,7,6,6,2,6,0,1,2,5,1,6,7,5,0,7,8,7,2,0,6,0,8,6,6,7,3,5,7,6,0,6,5,7
Natural Sciences Managers,3,7,7,6,4,2,6,0,1,8,4,1,7,7,6,0,7,6,6,5,0,3,1,6,8,5,6,4,4,6,5,0,4,6,7
Clinical Research Coordinators,1,6,6,4,4,1,5,0,0,3,4,1,5,6,4,0,5,6,5,1,0,5,0,5,6,4,7,3,2,1,4,0,4,5,6
Water Resource Specialists,5,6,5,7,4,4,5,0,2,4,3,1,6,6,5,0,4,7,7,2,0,4,2,6,6,5,4,4,2,4,4,0,3,5,5
Postmasters and Mail Superintendents,3,4,4,4,5,2,5,0,2,0,4,1,3,6,4,0,6,8,4,1,0,4,1,6,6,3,6,2,3,3,5,0,4,4,6
"Property, Real Estate, and Community Association Managers",2,5,4,2,5,1,4,0,1,0,3,0,3,6,4,0,4,5,2,0,0,4,0,6,6,3,6,3,4,2,4,0,4,4,4
Social and Community Service Managers,2,5,7,7,5,2,6,0,1,2,6,1,7,6,5,0,8,8,7,1,0,7,1,6,6,6,7,3,4,5,6,0,3,5,7
Emergency Management Directors,3,6,7,7,5,2,7,0,0,1,5,0,10,7,6,0,6,7,7,1,0,10,1,7,6,6,10,3,3,5,7,0,4,5,9
Funeral Home Managers,2,4,3,3,5,2,4,0,1,0,4,0,3,6,3,0,5,6,3,1,0,7,1,6,5,3,5,2,3,0,4,0,3,4,6
Fitness and Wellness Coordinators,3,4,5,4,4,1,6,0,1,1,4,0,3,6,4,2,5,5,5,2,0,6,0,5,5,3,6,2,4,1,5,0,5,4,5
Spa Managers,3,4,6,5,4,2,6,0,2,0,5,0,4,6,5,1,7,7,5,2,0,6,1,7,4,4,7,3,5,1,5,0,6,4,7
Regulatory Affairs Managers,0,6,6,7,4,1,5,0,0,2,4,1,5,6,5,0,5,6,6,1,0,3,0,5,6,5,7,2,2,6,5,0,2,5,7
Compliance Managers,2,6,6,5,4,1,5,0,0,0,4,1,4,6,5,0,3,4,5,1,0,3,0,7,6,5,6,2,1,1,5,0,1,5,8
Loss Prevention Managers,4,5,6,7,5,3,5,0,2,0,4,1,6,6,5,0,6,7,7,1,0,6,1,8,6,5,6,3,2,3,6,0,3,5,7
Wind Energy Operations Managers,5,5,4,5,5,5,4,0,4,1,5,1,5,6,5,4,7,5,4,2,2,4,2,7,6,4,6,3,5,3,5,2,5,5,7
Wind Energy Development Managers,4,5,6,4,5,2,4,0,2,1,4,1,4,6,5,0,5,6,5,1,0,4,1,6,6,4,6,4,5,2,4,0,6,4,6
Brownfield Redevelopment Specialists and Site Managers,5,6,5,6,5,3,4,0,1,4,3,1,7,7,5,0,4,5,6,2,0,3,1,6,7,6,8,5,5,5,4,0,5,5,7
"Agents and Business Managers of Artists, Performers, and Athletes",0,5,5,3,7,0,3,0,0,0,4,0,4,6,4,0,4,6,3,0,0,4,0,9,6,4,6,1,1,1,4,0,1,5,3
"Buyers and Purchasing Agents, Farm Products",3,3,4,4,5,2,3,0,1,1,3,0,3,6,4,0,4,4,3,1,0,3,1,6,4,4,4,3,4,2,3,0,5,3,4
"Wholesale and Retail Buyers, Except Farm Products",2,3,6,4,7,1,4,0,0,1,3,1,4,6,4,0,4,4,5,1,0,4,0,8,4,4,4,4,5,2,4,0,5,4,5
"Purchasing Agents, Except Wholesale, Retail, and Farm Products",3,5,6,3,7,0,4,0,1,0,4,0,6,6,4,0,4,6,4,1,0,4,0,8,6,5,3,3,6,3,5,0,5,4,6
"Claims Adjusters, Examiners, and Investigators",4,5,5,4,4,1,3,0,1,0,3,1,5,6,5,0,3,4,4,1,0,4,0,4,7,5,4,3,2,1,3,0,1,5,6
"Insurance Appraisers, Auto Damage",3,4,3,2,3,2,1,0,2,0,2,0,3,5,3,1,2,4,3,0,1,4,1,4,4,3,3,2,1,1,2,1,1,4,2
Compliance Officers,4,4,4,4,4,3,3,0,1,0,4,1,3,6,4,0,3,4,4,0,0,4,1,5,6,4,3,2,1,1,4,0,1,5,4
Environmental Compliance Inspectors,7,6,7,5,3,5,5,0,2,4,3,1,6,7,5,0,3,4,6,1,0,3,3,4,7,4,3,3,1,3,4,0,1,5,7
Equal Opportunity Representatives and Officers,1,6,6,5,4,1,5,0,0,0,5,1,5,7,6,0,2,4,5,1,0,4,0,7,8,5,4,2,0,2,4,0,0,6,6
Government Property Inspectors and Investigators,6,6,5,5,4,4,4,0,1,1,3,1,5,7,5,0,4,4,5,1,0,4,2,5,6,6,5,3,1,1,4,0,2,5,6
Coroners,2,6,5,4,2,2,4,0,1,4,5,0,4,7,5,1,4,4,3,1,0,4,2,3,6,5,5,2,1,0,4,0,1,5,5
Regulatory Affairs Specialists,3,6,5,7,4,2,4,0,0,1,3,1,6,7,5,0,4,5,6,1,0,4,0,6,7,6,5,2,2,4,4,0,1,5,5
Customs Brokers,0,5,5,4,4,1,4,0,0,0,2,1,4,6,4,0,4,4,4,1,0,4,0,4,6,3,3,3,3,1,4,0,3,5,5
Cost Estimators,0,5,5,5,4,0,4,0,0,0,2,1,5,6,5,0,3,4,4,1,0,3,0,5,6,5,4,5,5,3,3,0,4,4,4
Human Resources Specialists,1,5,4,4,4,0,5,0,0,0,4,0,3,7,5,0,4,4,3,1,0,5,0,4,6,4,4,1,1,0,4,0,1,5,4
Farm Labor Contractors,1,2,2,2,3,3,2,0,1,0,2,0,2,4,2,0,5,5,1,0,0,3,2,4,2,2,4,1,2,0,3,0,2,3,2
Labor Relations Specialists,0,6,6,5,7,0,4,0,0,0,5,0,5,8,5,0,4,5,5,0,0,5,0,9,6,5,5,2,1,1,4,0,1,6,6
Logisticians,3,4,5,6,5,1,5,0,0,1,4,1,6,6,5,0,5,6,6,1,0,5,0,6,6,5,8,3,3,6,4,0,4,5,8
Logistics Engineers,5,6,6,8,3,3,5,0,3,3,3,3,7,6,5,2,5,7,8,4,1,4,0,5,7,6,5,5,4,7,4,1,4,5,5
Logistics Analysts,3,5,5,7,3,2,4,0,0,0,2,2,6,5,5,0,4,5,7,2,0,3,0,4,6,5,3,4,3,3,4,0,3,5,7
Management Analysts,1,6,5,7,4,1,5,0,0,1,5,1,7,6,5,0,4,5,7,2,0,4,0,7,6,6,7,3,2,6,5,0,3,5,7
"Meeting, Convention, and Event Planners",2,4,4,5,5,1,3,0,1,0,5,0,5,6,4,1,5,7,5,1,1,7,1,6,6,4,7,2,4,4,4,0,4,5,6
Fundraisers,1,6,5,4,6,1,4,0,0,0,4,0,4,7,5,0,4,5,5,1,0,5,0,9,6,4,6,3,4,1,4,0,3,5,4
"Compensation, Benefits, and Job Analysis Specialists",1,4,5,5,4,1,5,0,0,2,3,1,5,6,5,0,4,4,5,1,0,4,0,6,6,4,3,3,2,4,4,0,2,4,5
Training and Development Specialists,1,6,7,5,4,1,10,0,0,1,5,0,4,8,5,0,5,7,6,2,0,6,0,5,6,5,6,2,3,6,8,0,3,5,7
Market Research Analysts and Marketing Specialists,1,6,6,6,3,1,4,0,0,2,3,2,6,6,5,0,4,4,6,1,0,3,0,5,7,5,3,4,1,5,4,0,1,5,5
Search Marketing Strategists,2,4,6,6,4,2,4,0,0,0,3,3,7,5,4,0,4,5,6,4,0,4,0,6,6,5,5,3,2,2,4,0,2,4,5
Business Continuity Planners,3,5,6,7,4,2,5,0,1,0,3,1,8,6,6,0,5,5,6,2,0,5,0,6,6,6,6,3,4,4,5,0,4,4,6
Sustainability Specialists,3,6,4,5,4,2,5,0,1,1,3,0,5,7,5,0,4,4,6,1,0,3,0,5,6,4,5,3,2,2,4,0,2,5,5
Online Merchants,1,4,3,3,4,1,3,0,0,0,2,2,3,4,4,1,3,3,4,1,0,5,0,5,5,3,3,3,4,2,2,0,4,3,5
Accountants and Auditors,1,5,5,5,4,1,4,0,0,1,3,1,5,6,4,0,4,5,5,1,0,4,0,5,6,4,4,5,3,4,4,0,2,5,5
Appraisers and Assessors of Real Estate,2,4,5,4,3,2,2,0,1,1,2,0,3,6,4,0,2,4,2,0,0,3,1,4,6,4,2,4,1,1,2,0,1,4,3
Budget Analysts,0,4,4,5,3,1,4,0,0,0,2,1,5,5,4,0,3,4,4,1,0,3,0,3,6,4,3,4,5,4,4,0,2,5,4
Credit Analysts,1,4,6,4,2,1,3,0,0,0,2,1,3,5,5,0,2,4,4,0,0,4,0,3,5,4,2,5,2,3,2,0,1,4,3
Personal Financial Advisors,1,6,4,5,4,1,4,0,0,1,4,1,6,6,5,0,2,4,5,1,0,6,0,7,6,5,3,4,4,3,4,0,1,5,5
Insurance Underwriters,0,5,4,4,3,1,4,0,0,0,2,0,3,5,4,0,2,3,4,1,0,4,0,4,5,4,3,3,1,2,3,0,1,4,3
Financial Examiners,2,6,6,7,3,1,6,0,0,0,4,1,6,7,6,0,6,6,7,0,0,4,0,4,7,6,6,5,1,4,5,0,1,5,7
Credit Counselors,0,5,5,4,4,0,5,0,0,0,3,0,4,6,4,0,2,4,4,1,0,5,0,6,5,4,4,3,1,1,4,0,0,5,3
Loan Officers,1,4,4,3,3,1,3,0,0,0,3,1,4,6,4,0,3,4,2,1,0,4,0,4,6,5,3,3,1,1,3,0,1,5,3
"Tax Examiners and Collectors, and Revenue Agents",1,3,5,3,4,1,4,0,0,0,2,1,3,6,4,0,2,3,3,1,0,3,0,4,6,3,3,4,1,1,4,0,1,5,4
Tax Preparers,1,3,4,3,3,0,4,0,0,0,2,0,3,4,3,0,2,3,2,1,0,4,0,3,6,2,3,3,1,1,4,0,0,5,3
Financial Quantitative Analysts,1,5,6,6,3,1,4,0,0,1,2,3,7,6,6,0,3,4,6,2,0,3,0,5,7,6,3,7,4,2,4,0,2,4,3
"Fraud Examiners, Investigators and Analysts",0,6,6,4,4,1,4,0,0,0,3,1,6,6,5,0,4,4,4,0,0,4,0,6,6,5,6,3,2,0,4,0,2,5,4
Computer Systems Analysts,6,5,6,7,2,4,4,1,7,2,3,6,5,6,4,4,4,5,7,6,1,4,2,4,7,5,4,3,2,6,4,1,2,4,6
Health Informatics Specialists,5,6,8,7,4,3,7,0,3,2,3,4,6,7,5,3,4,5,7,5,0,5,0,6,8,6,6,3,2,4,6,0,2,5,7
Information Security Analysts,6,4,5,5,3,4,4,0,2,1,2,3,5,5,5,1,4,4,5,3,1,3,1,4,6,4,3,2,1,3,4,1,1,4,6
Computer and Information Research Scientists,4,5,8,8,2,3,5,0,4,4,2,7,8,5,5,3,5,6,8,9,0,3,1,5,6,7,4,5,3,6,4,0,3,5,5
Computer Network Support Specialists,5,3,4,5,2,4,4,4,6,1,2,2,4,4,4,5,2,3,5,3,5,3,2,3,5,4,2,2,1,2,4,4,2,3,5
Computer User Support Specialists,5,4,4,4,2,4,5,2,5,1,2,2,5,6,4,3,3,4,4,2,2,4,3,3,6,3,3,2,0,3,5,2,1,5,3
Computer Network Architects,7,5,5,7,4,4,4,2,6,1,2,5,7,6,5,6,4,4,7,7,2,4,2,5,6,5,5,4,3,4,4,3,3,4,5
Telecommunications Engineering Specialists,5,4,5,5,3,4,4,2,5,1,3,2,4,4,4,4,3,4,5,5,3,4,2,5,5,3,4,3,2,3,4,4,3,4,4
Database Administrators,4,4,6,6,1,4,5,0,4,1,2,6,7,5,5,1,4,3,6,4,0,3,0,3,6,5,3,4,1,5,5,0,2,4,5
Database Architects,2,4,5,7,3,2,4,1,2,1,2,6,6,5,4,1,3,4,6,6,0,4,1,4,6,5,3,3,1,5,4,0,1,4,5
Data Warehousing Specialists,3,4,4,6,3,2,3,0,1,1,2,6,5,4,4,1,2,3,5,5,0,3,1,4,6,4,4,3,1,5,4,0,2,3,3
Network and Computer Systems Administrators,7,4,5,7,3,6,5,3,9,2,2,6,6,5,4,7,4,5,7,6,5,4,4,4,6,5,3,3,2,5,4,5,4,4,6
Computer Programmers,7,3,4,5,2,2,3,0,2,3,2,10,6,3,4,0,3,4,5,5,0,2,0,3,4,3,3,3,1,6,3,0,1,4,3
Software Quality Assurance Analysts and Testers,7,5,4,4,2,3,4,2,5,3,2,6,4,6,4,2,2,4,5,5,0,3,1,3,6,4,3,3,0,5,3,0,0,5,6
Web Developers,5,4,5,5,3,2,4,0,3,2,2,8,5,3,4,3,2,3,5,4,0,3,0,4,5,4,3,3,1,7,4,0,1,3,4
Video Game Designers,2,4,5,5,4,2,4,0,0,0,2,7,6,4,4,0,4,5,6,6,0,3,0,5,5,4,4,3,1,5,4,0,1,4,5
Web Administrators,6,4,5,5,3,2,4,1,5,2,2,4,6,4,5,2,2,4,5,4,0,3,1,3,6,4,4,1,2,5,5,0,1,4,5
Geographic Information Systems Technologists and Technicians,1,5,5,5,2,2,4,0,0,4,2,4,5,5,4,1,3,3,4,4,0,4,0,3,6,4,4,4,1,5,4,0,2,4,4
Document Management Specialists,1,5,4,6,3,2,4,0,0,0,2,2,5,3,4,0,4,5,5,3,0,4,0,4,5,3,3,2,1,3,4,0,2,4,5
Computer Systems Engineers/Architects,7,5,6,7,4,4,5,1,4,4,2,6,6,6,5,2,4,5,8,4,1,3,0,4,7,5,4,3,3,9,4,1,2,5,6
Information Technology Project Managers,3,6,6,7,5,2,5,0,1,1,4,2,5,6,6,0,7,8,6,3,0,4,0,6,6,5,8,3,5,3,4,0,6,5,7
Actuaries,2,5,5,8,3,1,5,0,0,2,2,2,8,6,7,0,4,5,9,1,0,4,0,5,8,7,3,7,3,5,4,0,2,5,5
Mathematicians,0,5,9,6,1,1,6,0,0,6,2,3,9,5,7,0,2,3,5,1,0,1,0,3,8,5,2,10,1,3,5,0,1,4,3
Operations Research Analysts,2,6,7,7,2,0,4,0,0,4,2,3,8,6,6,0,3,4,8,2,0,3,0,4,7,6,3,7,1,8,4,0,1,5,3
Statisticians,1,5,6,4,1,1,4,0,0,5,2,5,7,6,7,0,2,3,4,1,0,1,0,3,7,4,3,9,1,5,4,0,1,4,3
Biostatisticians,1,7,9,6,2,1,6,0,0,7,2,6,8,7,6,1,4,5,5,1,0,3,0,4,8,6,3,8,1,5,5,0,1,5,4
Business Intelligence Analysts,2,5,7,6,3,1,4,0,0,0,2,3,5,6,5,0,2,4,6,2,0,3,0,4,7,5,3,4,2,2,4,0,1,5,4
Clinical Data Managers,4,5,6,5,2,2,4,0,1,2,3,5,5,6,5,2,5,5,5,2,0,3,1,3,6,4,5,5,1,5,5,0,1,4,7
Bioinformatics Technicians,3,4,6,5,3,3,4,0,0,4,2,4,5,4,4,0,3,4,5,3,0,3,0,4,6,4,3,4,1,2,4,0,1,3,5
"Architects, Except Landscape and Naval",6,6,6,6,4,2,5,0,2,3,3,1,7,6,6,0,5,5,6,3,0,4,1,6,7,6,6,5,4,9,4,0,4,5,7
Landscape Architects,3,5,6,5,4,2,4,0,1,3,5,0,6,6,4,0,4,7,5,1,0,4,1,6,6,5,7,3,3,7,4,0,4,5,4
Cartographers and Photogrammetrists,3,4,4,4,2,1,4,0,1,1,2,1,3,3,4,1,2,4,4,1,0,3,0,2,6,3,3,3,1,1,4,0,1,3,4
Surveyors,4,5,4,4,2,3,5,0,2,3,2,0,4,5,4,3,5,5,4,1,1,3,3,3,6,3,5,5,1,1,4,2,2,4,4
Geodetic Surveyors,5,5,6,5,1,3,5,0,2,4,2,3,6,5,5,3,4,4,5,2,2,3,3,2,7,5,3,7,1,2,4,1,1,5,6
Aerospace Engineers,8,6,6,6,4,4,6,0,3,8,2,2,7,7,6,0,4,5,6,8,0,3,0,5,8,5,5,6,1,10,4,0,1,5,6
Agricultural Engineers,4,6,5,7,4,5,4,0,3,4,3,1,8,6,6,2,4,5,7,6,1,4,2,5,7,6,4,5,2,5,4,1,3,5,5
Bioengineers and Biomedical Engineers,7,6,8,7,4,4,6,4,6,7,3,5,8,7,7,5,5,5,7,9,4,4,1,6,8,7,5,6,2,8,6,3,4,6,7
Chemical Engineers,6,4,7,7,4,5,5,0,6,8,2,3,8,5,6,4,4,5,7,6,0,3,1,5,6,6,4,6,3,8,4,0,4,4,5
Civil Engineers,3,4,6,7,4,2,5,0,1,6,3,2,7,6,6,0,5,7,6,4,1,4,0,5,7,5,5,6,4,8,4,1,5,5,5
Transportation Engineers,4,6,5,7,4,2,4,0,2,4,2,2,7,7,5,0,6,7,7,5,0,4,1,6,7,6,6,6,5,7,4,0,5,4,5
Water/Wastewater Engineers,5,6,5,8,4,4,5,0,3,5,2,2,8,6,5,1,5,7,8,6,0,3,2,5,7,6,5,6,3,6,5,0,3,5,6
Computer Hardware Engineers,5,6,7,6,2,4,4,1,5,4,2,3,7,6,5,5,3,4,6,5,2,3,0,3,7,5,4,4,1,7,4,2,1,4,4
Electrical Engineers,6,6,7,5,3,4,4,0,5,4,2,1,6,7,5,3,4,4,6,3,2,3,0,4,7,3,4,5,3,5,4,2,3,5,6
"Electronics Engineers, Except Computer",7,5,5,7,3,4,4,1,6,4,2,3,7,6,5,7,4,3,6,7,5,3,3,4,6,5,3,5,2,6,4,4,4,4,5
Radio Frequency Identification Device Specialists,5,4,4,5,3,4,4,2,4,1,2,3,5,5,4,5,3,3,5,5,2,3,2,5,5,4,4,3,1,4,4,2,2,4,5
Environmental Engineers,4,6,7,6,4,4,5,0,2,4,3,1,7,7,5,0,4,6,6,1,0,3,1,5,7,6,6,5,2,3,4,0,3,5,7
"Health and Safety Engineers, Except Mining Safety Engineers and Inspectors",7,6,6,6,3,4,5,1,4,5,3,1,5,6,5,1,3,4,6,3,0,3,1,5,7,5,4,3,1,6,5,0,1,5,6
Fire-Prevention and Protection Engineers,6,5,6,7,3,4,5,0,5,5,2,1,6,6,5,2,4,6,7,6,0,4,1,5,6,5,3,3,3,7,4,0,4,5,4
Industrial Engineers,3,5,5,6,2,3,4,0,2,1,2,1,7,6,5,0,4,4,6,3,0,3,2,3,7,4,4,4,2,3,4,0,3,5,6
Human Factors Engineers and Ergonomists,5,6,6,6,3,2,5,0,3,4,4,2,7,7,6,2,4,4,7,8,0,4,0,4,7,6,4,4,2,6,5,0,2,5,6
Validation Engineers,6,6,5,5,3,4,4,0,3,6,2,1,6,6,5,0,4,4,5,2,0,3,2,4,7,4,3,4,1,6,4,0,2,5,7
Manufacturing Engineers,8,6,7,8,4,7,6,4,8,4,3,2,7,6,4,8,5,7,8,10,4,3,3,6,7,7,4,6,5,6,5,4,6,5,8
Marine Engineers and Naval Architects,7,5,7,6,4,5,4,0,6,5,3,2,7,6,5,2,4,5,5,6,1,3,1,5,7,6,5,6,3,8,4,1,3,5,6
Materials Engineers,7,6,6,6,4,4,5,0,3,7,2,1,7,6,5,3,4,4,5,5,1,4,2,5,7,4,4,5,2,6,5,1,4,5,5
Mechanical Engineers,8,4,6,6,3,5,4,3,7,7,2,3,8,4,5,4,4,5,6,8,2,3,2,5,7,5,4,6,3,9,4,2,4,5,6
Fuel Cell Engineers,6,5,6,7,3,5,5,1,5,6,2,3,5,6,5,6,3,3,7,6,4,3,3,4,7,5,3,5,1,5,4,2,3,4,6
Automotive Engineers,7,6,7,7,4,4,4,0,3,5,2,3,8,6,6,3,4,5,7,8,0,3,2,5,7,6,5,6,2,8,5,0,2,4,5
"Mining and Geological Engineers, Including Mining Safety Engineers",6,6,6,7,4,4,5,0,2,5,2,3,8,7,6,4,5,6,7,5,0,3,1,5,7,7,6,6,5,7,5,0,5,5,8
Nuclear Engineers,7,6,6,7,3,7,5,0,5,7,3,1,8,6,6,1,4,5,7,5,1,3,2,4,7,5,6,5,2,9,4,1,3,5,7
Petroleum Engineers,4,6,6,7,4,4,4,1,3,5,4,1,7,6,6,1,5,7,7,3,0,4,2,5,7,5,6,4,3,2,4,0,4,5,6
"Energy Engineers, Except Wind and Solar",4,6,6,7,3,3,4,0,2,6,3,1,6,6,5,0,4,5,6,3,0,4,1,4,8,5,4,5,2,7,4,0,3,5,7
Mechatronics Engineers,7,5,5,6,3,5,5,1,3,4,2,3,7,5,4,5,4,4,6,8,1,3,3,4,6,6,3,5,2,6,4,1,2,4,6
Microsystems Engineers,7,5,6,7,4,5,5,0,4,5,3,3,7,5,5,4,4,6,6,4,2,4,3,4,7,5,3,4,2,5,5,2,3,5,6
Photonics Engineers,7,7,8,6,2,4,5,0,5,5,2,3,5,5,6,8,3,3,5,9,4,2,3,3,7,5,3,6,1,6,4,2,2,5,4
Robotics Engineers,9,5,7,7,3,6,6,4,9,4,3,5,7,4,6,10,5,7,7,10,6,2,4,5,7,6,5,6,3,7,4,6,3,5,7
Nanosystems Engineers,7,6,8,6,4,4,5,0,4,7,3,3,7,7,6,7,4,5,6,8,2,3,2,5,8,5,4,6,2,7,4,2,3,4,6
Wind Energy Engineers,5,4,5,6,3,3,4,0,2,5,2,2,5,4,6,0,4,4,6,4,0,3,2,5,6,5,4,5,2,6,4,0,3,3,5
Solar Energy Systems Engineers,5,5,5,4,3,4,4,0,3,5,3,2,6,6,5,3,3,4,5,4,2,3,2,4,6,3,4,5,2,4,4,2,2,4,5
Architectural and Civil Drafters,4,3,4,5,2,2,4,0,1,2,2,1,4,4,4,1,3,4,4,1,0,2,0,3,5,3,3,4,1,4,3,0,1,3,4
Electrical and Electronics Drafters,5,4,4,4,3,2,3,0,3,1,2,1,4,3,3,1,3,4,4,3,0,3,0,4,5,3,3,3,1,3,4,0,1,3,3
Mechanical Drafters,5,3,5,4,2,2,4,0,2,1,2,2,3,4,3,0,2,3,4,5,0,2,0,2,4,2,3,4,1,5,4,0,1,3,3
Aerospace Engineering and Operations Technologists and Technicians,8,3,3,4,2,6,4,2,6,4,2,1,5,4,5,5,3,4,4,2,5,3,3,4,5,3,3,3,2,4,4,5,2,4,4
Civil Engineering Technologists and Technicians,3,4,3,4,3,3,3,0,1,3,2,1,4,4,4,0,2,3,4,1,0,3,2,3,6,3,3,4,2,4,2,0,2,4,4
Electrical and Electronic Engineering Technologists and Technicians,6,3,4,5,2,5,4,2,7,3,2,2,5,4,4,6,3,4,4,4,5,3,3,4,5,3,4,4,1,3,4,4,2,3,4
Electro-Mechanical and Mechatronics Technologists and Technicians,8,3,4,5,1,7,4,5,9,3,2,3,4,3,4,8,4,4,5,2,8,2,5,2,4,3,3,3,1,3,4,6,2,3,7
Robotics Technicians,9,3,5,5,2,6,4,5,10,3,2,3,5,3,5,8,3,4,5,5,9,3,4,3,6,3,3,4,1,3,4,7,1,4,4
Environmental Engineering Technologists and Technicians,6,4,6,4,3,4,4,0,4,5,2,2,4,5,5,4,4,4,4,3,3,3,3,4,6,4,3,4,2,4,4,2,3,5,5
Industrial Engineering Technologists and Technicians,5,4,4,6,3,3,4,0,1,3,2,1,6,4,4,3,3,5,6,6,4,3,1,5,6,4,3,4,1,5,4,2,2,4,6
Nanotechnology Engineering Technologists and Technicians,7,4,4,4,2,5,4,1,4,5,2,2,4,4,4,5,3,4,4,2,3,2,4,3,5,3,3,4,1,1,4,3,2,3,5
Mechanical Engineering Technologists and Technicians,6,4,4,5,3,5,4,0,6,4,2,1,5,5,4,6,3,4,5,4,4,3,3,4,6,4,3,4,1,4,4,4,1,4,4
Automotive Engineering Technicians,6,3,4,4,2,4,3,3,6,3,2,2,4,4,3,6,2,3,4,2,5,2,3,3,5,3,3,4,1,3,3,4,2,3,4
Non-Destructive Testing Specialists,9,3,5,5,2,4,5,0,5,3,2,0,3,3,3,5,4,3,4,1,2,2,3,3,5,3,3,3,0,1,4,4,1,3,5
Photonics Technicians,7,3,4,4,2,5,3,5,7,2,2,2,4,3,3,7,3,4,4,4,5,3,3,3,5,3,3,2,1,2,3,5,2,3,4
Surveying and Mapping Technicians,4,4,4,3,2,3,4,0,3,2,2,1,3,3,3,1,3,4,3,1,1,3,2,3,4,2,3,4,1,3,4,1,1,2,3
Animal Scientists,5,6,7,7,4,3,5,0,1,6,3,1,7,6,5,0,4,5,6,1,0,4,1,5,8,7,4,4,1,4,4,0,2,5,6
Food Scientists and Technologists,7,6,6,6,4,4,4,0,3,4,3,1,6,6,5,1,4,5,6,1,0,4,2,5,6,5,4,3,1,2,4,0,2,5,7
Soil and Plant Scientists,5,6,8,6,3,4,6,0,1,7,2,2,7,8,6,0,3,3,6,2,0,3,2,4,8,6,3,4,1,6,4,0,2,5,6
Biochemists and Biophysicists,6,8,10,6,2,3,8,0,2,9,2,3,8,8,7,4,4,4,6,4,1,2,2,4,9,6,3,6,1,6,7,1,2,6,7
Microbiologists,5,7,8,6,3,4,7,0,2,8,3,2,6,6,6,2,5,6,5,2,0,4,2,4,8,5,5,4,2,5,5,0,3,5,6
Zoologists and Wildlife Biologists,3,6,6,6,4,3,4,0,1,6,3,1,6,6,5,0,4,6,4,2,0,4,2,5,7,6,5,3,2,2,4,0,2,5,5
Bioinformatics Scientists,3,7,7,6,3,2,5,0,2,6,3,2,7,7,6,1,4,5,6,3,0,3,0,5,8,5,4,5,2,2,4,0,2,5,6
Molecular and Cellular Biologists,5,8,8,5,4,4,8,0,2,9,3,2,7,8,7,2,4,6,5,3,0,2,2,5,10,7,5,5,3,5,7,0,5,6,7
Geneticists,4,7,7,6,4,3,7,0,1,7,4,1,7,7,6,0,4,5,4,1,0,3,1,5,8,6,4,5,2,2,6,0,2,5,6
Biologists,4,7,8,5,3,2,5,0,1,9,3,4,7,7,6,0,5,5,5,1,0,3,1,4,8,5,4,5,1,1,5,0,2,5,5
Conservation Scientists,2,5,4,5,3,2,4,0,2,5,3,1,5,5,4,1,4,5,5,1,0,4,1,5,5,4,4,3,2,3,4,0,3,4,4
Range Managers,3,4,5,6,5,3,4,0,1,4,2,0,6,6,4,1,4,4,5,1,0,4,3,4,6,5,5,3,1,5,4,0,3,5,7
Park Naturalists,2,5,4,3,3,2,5,0,2,2,4,0,4,7,4,0,4,3,3,2,0,5,1,4,6,3,4,1,1,4,5,0,2,5,4
Foresters,3,5,5,7,5,4,4,0,2,3,3,0,7,6,5,3,5,6,6,3,1,4,3,5,6,5,6,3,3,4,4,1,5,5,7
Epidemiologists,1,7,8,8,3,0,6,0,0,8,5,1,8,8,6,0,5,6,8,0,0,5,0,6,9,7,7,5,2,5,5,0,2,6,7
"Medical Scientists, Except Epidemiologists",4,7,9,7,3,3,6,0,1,8,3,1,8,7,6,1,4,5,6,1,0,4,1,4,8,6,3,5,1,5,6,0,2,5,7
Astronomers,1,7,8,5,3,2,6,0,1,8,3,2,5,8,6,1,4,4,4,3,1,4,1,4,9,5,3,7,3,5,5,1,2,5,6
Physicists,5,7,10,6,3,3,9,0,2,10,3,6,8,8,7,2,4,5,6,6,0,4,0,6,10,6,4,8,2,6,7,0,3,6,5
Atmospheric and Space Scientists,1,6,7,6,3,2,5,0,0,7,3,1,6,7,5,0,4,4,4,2,0,4,0,5,8,5,4,4,1,4,5,0,1,5,5
Chemists,7,6,7,5,1,4,4,0,5,8,2,2,6,6,5,5,4,4,5,1,2,2,2,3,8,4,3,6,1,4,4,3,3,4,6
Materials Scientists,5,6,7,5,3,3,5,0,2,8,2,1,6,7,5,1,3,3,5,2,1,3,2,4,8,5,3,5,1,7,4,1,2,5,6
"Environmental Scientists and Specialists, Including Health",4,7,6,5,4,3,6,0,2,7,3,2,7,7,5,0,4,6,5,2,0,4,1,4,7,4,5,4,2,4,5,0,2,5,6
Climate Change Policy Analysts,0,6,6,6,4,1,4,0,0,3,3,1,6,7,5,0,4,5,6,1,0,4,0,6,7,4,3,3,2,2,4,0,2,5,5
Environmental Restoration Planners,3,6,6,7,4,3,5,0,1,5,3,2,6,6,5,1,4,4,6,2,0,4,2,5,6,5,5,4,3,4,4,0,3,5,6
Industrial Ecologists,2,7,6,7,3,1,5,0,0,6,3,2,6,6,5,0,4,4,6,2,0,3,0,5,8,6,3,5,2,4,5,0,2,5,5
"Geoscientists, Except Hydrologists and Geographers",2,6,5,5,3,2,5,0,1,7,2,1,7,7,5,2,3,3,5,1,0,2,1,4,8,5,4,5,1,4,4,0,1,5,4
Hydrologists,5,5,7,6,3,3,5,2,2,6,2,2,6,6,6,2,4,4,5,1,1,3,1,5,7,4,4,5,1,3,4,2,2,5,6
Remote Sensing Scientists and Technologists,3,6,6,7,2,3,5,0,1,6,2,3,6,7,6,1,4,4,7,4,0,3,1,4,7,5,3,5,1,6,4,0,2,5,6
Economists,0,6,7,6,2,1,5,0,0,2,2,2,7,7,6,0,3,4,6,1,0,3,0,5,8,6,3,6,1,4,5,0,1,5,5
Environmental Economists,1,6,7,6,3,0,6,0,0,2,2,1,6,5,5,0,3,4,5,2,0,3,0,5,7,5,3,6,5,2,5,0,2,5,6
Survey Researchers,2,6,6,5,3,1,5,0,0,3,3,2,5,7,6,0,4,5,5,1,0,3,0,5,6,4,4,5,1,3,4,0,1,5,4
Industrial-Organizational Psychologists,2,7,7,8,4,2,7,0,0,5,5,3,7,8,6,0,6,7,8,1,0,5,0,8,8,6,7,5,2,6,6,0,2,6,7
Clinical and Counseling Psychologists,0,6,6,4,4,1,6,0,0,2,7,1,5,8,6,0,4,5,4,1,0,6,0,7,8,5,5,2,1,1,5,0,1,6,6
School Psychologists,0,6,6,5,5,1,6,0,0,1,7,1,6,7,5,0,4,6,5,1,0,6,0,6,8,5,6,2,0,1,5,0,0,6,7
Sociologists,0,7,7,5,3,0,8,0,0,4,6,1,6,8,6,0,4,3,5,1,0,4,0,4,7,5,4,3,1,3,6,0,1,6,6
Urban and Regional Planners,1,6,6,8,5,1,4,0,0,3,4,1,6,7,5,0,4,6,7,1,0,4,0,6,7,6,5,4,3,6,4,0,3,6,4
Anthropologists and Archeologists,2,8,7,5,3,1,6,0,0,3,3,1,6,8,6,1,4,3,4,1,0,2,0,4,9,4,4,3,2,1,6,0,2,6,6
Geographers,0,7,6,6,3,1,5,0,0,5,2,1,5,7,5,0,3,4,5,1,0,3,0,3,8,4,3,3,1,4,5,0,1,5,4
Historians,1,7,6,2,2,0,5,0,0,3,3,0,3,6,5,0,4,3,2,0,0,2,0,4,9,3,3,1,1,2,5,0,1,5,3
Political Scientists,0,7,7,5,3,0,6,0,0,3,4,0,5,8,6,0,2,3,5,1,0,3,0,4,8,5,3,3,0,3,5,0,1,6,4
Transportation Planners,1,6,7,7,4,1,4,0,0,2,2,2,7,7,5,0,3,5,7,1,0,4,1,5,6,6,6,5,2,6,4,0,3,5,4
Agricultural Technicians,1,4,3,4,3,4,4,0,3,3,2,1,4,3,4,1,4,4,3,1,1,3,3,3,5,2,3,3,1,0,4,1,2,3,4
Precision Agriculture Technicians,5,4,5,5,3,4,4,1,4,3,2,2,4,5,4,3,2,3,5,1,3,3,3,4,6,4,3,4,1,4,3,3,1,4,5
Food Science Technicians,6,4,4,2,1,4,4,0,2,4,2,0,3,4,3,1,3,4,2,0,1,2,2,1,5,2,4,3,0,0,4,2,2,3,4
Biological Technicians,5,4,6,4,1,4,4,0,4,5,2,1,4,4,5,2,2,3,4,2,1,2,3,2,7,3,2,4,1,2,3,2,2,4,5
Chemical Technicians,6,5,4,4,3,5,5,0,5,6,2,0,3,4,5,6,3,4,5,2,4,3,3,3,6,3,3,3,1,3,4,4,2,4,7
"Environmental Science and Protection Technicians, Including Health",5,5,4,5,3,4,4,0,3,4,2,1,4,6,4,2,3,4,4,1,1,4,3,4,6,3,3,3,1,4,4,1,2,5,5
"Geological Technicians, Except Hydrologic Technicians",4,4,3,4,1,4,3,0,3,4,2,1,3,4,3,3,3,4,3,1,2,2,3,3,5,2,3,2,1,2,2,1,1,3,4
Nuclear Technicians,6,3,4,3,2,7,3,0,6,4,1,1,3,5,4,3,2,4,3,2,5,1,5,2,5,4,3,3,1,0,2,4,1,5,7
Nuclear Monitoring Technicians,6,4,4,4,3,6,5,0,5,4,2,0,3,4,5,1,3,4,3,1,1,3,3,4,5,4,3,3,1,0,4,1,1,4,7
Social Science Research Assistants,4,5,5,4,2,2,4,0,1,4,2,3,4,5,4,1,3,3,4,2,0,2,0,3,7,3,3,4,1,2,3,0,2,5,3
Forest and Conservation Technicians,4,3,3,4,2,4,4,0,2,2,3,1,3,4,3,3,4,5,4,2,2,3,3,4,4,3,4,3,1,1,4,2,2,4,5
Forensic Science Technicians,4,6,6,4,2,3,5,0,2,4,3,0,5,7,5,3,4,4,4,0,1,4,2,4,6,4,4,3,0,1,4,1,0,5,4
Quality Control Analysts,10,4,4,4,2,5,4,0,5,3,2,1,4,4,3,2,2,4,4,1,1,3,3,3,5,3,2,3,1,2,3,2,1,3,6
Remote Sensing Technicians,5,4,4,5,2,4,4,0,3,3,2,4,4,5,4,4,3,3,4,2,2,2,2,3,5,4,4,5,1,2,4,2,2,3,5
Occupational Health and Safety Specialists,7,5,6,6,4,5,5,0,3,4,5,1,6,7,5,1,3,4,7,2,0,4,2,6,6,5,4,4,1,5,5,0,2,4,7
Occupational Health and Safety Technicians,5,5,4,5,3,4,4,0,2,3,2,1,4,6,4,0,3,4,4,1,0,4,2,4,5,3,3,2,1,3,4,0,2,5,5
Substance Abuse and Behavioral Disorder Counselors,2,6,6,5,4,2,6,0,0,1,7,1,5,7,5,0,4,4,5,1,0,7,1,8,6,5,6,1,1,2,5,0,1,6,7
"Educational, Guidance, and Career Counselors and Advisors",0,6,7,5,5,1,6,0,0,0,8,1,6,7,5,0,4,6,5,1,0,7,0,8,7,5,7,1,0,0,6,0,0,6,6
Marriage and Family Therapists,0,6,7,6,6,0,5,0,0,3,9,0,7,7,5,0,4,4,6,1,0,7,0,7,6,6,5,1,0,4,5,0,0,8,6
Mental Health Counselors,1,6,6,5,4,0,6,0,0,4,10,0,5,7,5,0,4,4,6,1,0,7,0,7,7,5,5,1,1,4,4,0,1,8,7
Rehabilitation Counselors,0,5,4,5,4,1,5,0,0,2,7,0,4,6,4,0,4,4,5,1,0,7,0,6,5,4,6,1,0,4,4,0,0,5,7
"Child, Family, and School Social Workers",1,5,5,4,6,2,5,0,1,2,6,0,5,8,6,0,4,7,4,1,0,7,1,8,6,6,6,1,0,4,4,0,0,8,7
Healthcare Social Workers,1,6,6,3,4,1,5,0,0,3,8,1,6,7,5,0,4,4,5,1,0,8,1,6,6,5,7,1,1,4,4,0,1,6,5
Mental Health and Substance Abuse Social Workers,1,5,5,5,5,2,7,0,0,3,8,1,6,7,5,0,4,6,4,1,0,7,0,8,6,5,7,1,1,3,5,0,1,5,7
Health Education Specialists,0,6,6,5,4,1,8,0,0,3,5,0,3,7,4,0,4,5,4,1,0,4,0,5,5,3,5,2,2,5,5,0,2,5,5
Probation Officers and Correctional Treatment Specialists,2,5,4,4,4,2,3,0,1,0,6,1,5,6,5,0,3,5,4,1,0,4,1,6,6,5,5,1,1,1,4,0,1,5,6
Social and Human Service Assistants,1,5,4,4,4,1,4,0,0,1,5,1,4,7,4,0,2,4,4,1,0,7,1,6,5,3,5,1,1,1,4,0,1,5,6
Community Health Workers,2,5,6,5,4,2,6,0,1,0,6,0,5,7,4,0,4,5,5,1,0,7,1,7,6,4,6,2,1,1,5,0,2,5,5
Clergy,0,6,6,4,6,1,7,0,0,0,7,0,5,10,4,0,6,7,5,1,0,7,0,8,7,5,6,1,3,1,7,0,4,6,6
"Directors, Religious Activities and Education",2,4,7,4,4,1,7,0,0,0,6,1,5,7,5,0,5,5,4,1,0,6,0,6,6,4,6,2,4,4,5,0,4,5,5
Lawyers,0,7,7,6,7,0,4,0,0,1,5,0,7,10,7,0,4,8,5,1,0,5,0,9,8,6,5,1,2,3,4,0,2,7,6
Judicial Law Clerks,1,6,7,3,3,0,4,0,0,0,2,0,5,7,6,0,1,5,3,1,0,3,0,4,9,4,3,1,0,0,3,0,0,6,4
"Administrative Law Judges, Adjudicators, and Hearing Officers",0,7,7,4,5,0,4,0,0,0,5,0,6,8,7,0,3,5,4,1,0,3,0,5,8,8,3,2,1,2,3,0,1,8,6
"Arbitrators, Mediators, and Conciliators",0,6,6,4,10,0,4,0,0,0,4,0,5,8,6,0,1,4,4,0,0,4,0,9,6,6,4,1,0,1,4,0,0,7,4
"Judges, Magistrate Judges, and Magistrates",0,7,8,5,5,0,4,0,0,1,5,0,9,8,10,0,4,7,4,1,0,3,0,5,8,8,4,1,1,3,4,0,1,10,7
Paralegals and Legal Assistants,0,5,4,2,2,1,2,0,0,0,2,0,3,5,3,0,2,4,2,1,0,4,0,4,6,2,3,1,0,0,2,0,0,5,3
"Title Examiners, Abstractors, and Searchers",0,4,4,2,2,1,2,0,0,0,2,0,3,5,4,0,3,4,2,0,0,3,0,3,6,2,3,2,0,1,2,0,1,4,3
"Business Teachers, Postsecondary",1,7,7,5,3,0,9,0,0,1,3,1,5,9,5,0,3,5,5,1,0,3,0,4,8,5,3,3,1,2,8,0,1,5,6
"Computer Science Teachers, Postsecondary",2,7,7,6,3,1,8,0,0,3,4,4,6,8,6,1,4,5,5,3,0,4,0,4,8,5,3,4,1,3,8,0,2,5,7
"Mathematical Science Teachers, Postsecondary",0,7,7,4,2,0,8,0,0,2,3,1,5,7,5,0,2,4,5,1,0,4,0,3,7,3,3,7,0,2,7,0,1,5,7
"Architecture Teachers, Postsecondary",2,7,8,5,4,1,8,0,0,2,4,1,6,8,5,0,4,5,5,1,0,4,0,4,8,6,4,4,1,5,9,0,2,5,7
"Engineering Teachers, Postsecondary",2,7,6,5,3,2,8,0,0,5,3,1,4,8,5,0,3,4,5,2,0,3,0,4,7,5,3,6,1,4,8,0,1,5,6
"Agricultural Sciences Teachers, Postsecondary",2,7,8,4,2,1,9,0,1,5,3,1,6,9,5,0,4,5,5,1,0,3,1,4,8,5,5,3,1,1,9,0,2,6,7
"Biological Science Teachers, Postsecondary",2,7,8,5,3,1,8,0,1,6,3,0,5,8,5,0,3,6,5,0,1,4,0,4,8,5,3,3,1,3,8,0,2,5,7
"Forestry and Conservation Science Teachers, Postsecondary",2,7,7,4,3,1,8,0,1,4,4,1,6,8,5,0,4,5,5,1,0,4,1,4,8,4,3,3,2,3,9,0,2,6,7
"Atmospheric, Earth, Marine, and Space Sciences Teachers, Postsecondary",1,7,7,5,3,1,8,0,0,6,3,1,6,10,5,0,4,5,5,1,0,4,0,4,8,5,3,5,1,4,7,0,2,6,7
"Chemistry Teachers, Postsecondary",3,7,7,5,2,2,8,0,1,6,3,1,6,9,5,1,4,5,4,2,0,4,0,4,8,5,3,4,2,4,8,0,2,5,7
"Environmental Science Teachers, Postsecondary",2,7,7,5,3,1,8,0,0,7,3,0,6,8,5,0,4,5,5,0,0,4,0,4,8,4,4,3,1,4,8,0,2,5,7
"Physics Teachers, Postsecondary",3,7,8,4,2,1,8,0,2,7,3,1,6,9,6,2,4,4,4,1,2,4,0,4,8,5,4,5,1,4,8,1,2,6,6
"Anthropology and Archeology Teachers, Postsecondary",0,7,8,5,4,0,8,0,0,6,4,0,6,9,5,0,4,6,6,1,0,4,0,4,8,5,4,2,1,3,8,0,1,6,7
"Area, Ethnic, and Cultural Studies Teachers, Postsecondary",1,7,7,4,2,0,8,0,0,3,3,1,6,8,5,0,4,6,4,1,0,4,0,5,8,4,3,1,2,4,7,0,2,5,5
"Economics Teachers, Postsecondary",0,6,7,4,2,1,7,0,0,3,3,1,5,7,5,0,3,3,5,1,0,3,0,3,7,4,3,4,1,4,7,0,1,5,4
"Geography Teachers, Postsecondary",0,7,7,4,3,0,7,0,0,4,3,1,6,8,5,0,4,5,4,1,0,3,0,5,7,4,4,3,1,3,8,0,1,5,5
"Political Science Teachers, Postsecondary",0,7,7,4,3,0,7,0,0,2,3,0,6,10,5,0,4,4,4,0,0,4,0,5,8,4,3,1,1,4,7,0,1,5,4
"Psychology Teachers, Postsecondary",0,7,8,5,2,0,10,0,0,5,6,1,6,9,5,0,4,5,5,1,0,4,0,4,8,5,3,3,1,3,8,0,1,6,6
"Sociology Teachers, Postsecondary",0,7,7,4,3,0,9,0,0,4,4,0,4,9,5,0,3,6,4,0,0,4,0,4,7,4,3,2,1,3,8,0,1,5,6
"Health Specialties Teachers, Postsecondary",2,7,7,4,4,1,8,0,1,4,3,0,6,8,5,1,4,7,4,0,1,4,0,5,8,5,4,3,1,3,8,1,1,6,6
"Nursing Instructors and Teachers, Postsecondary",2,7,7,5,4,2,8,0,1,3,5,1,6,8,5,0,4,6,5,1,0,4,0,5,8,5,7,3,1,3,9,0,2,6,7
"Education Teachers, Postsecondary",0,7,7,5,3,0,9,0,0,2,3,0,6,10,4,0,4,6,5,1,0,3,0,4,8,4,3,2,1,4,8,0,2,6,7
"Library Science Teachers, Postsecondary",1,7,8,5,3,0,8,0,0,2,3,1,5,8,5,0,4,5,5,1,0,3,0,4,8,4,4,2,1,2,8,0,1,6,7
"Criminal Justice and Law Enforcement Teachers, Postsecondary",0,6,7,5,3,0,8,0,0,1,3,0,4,10,5,0,4,4,4,0,0,4,0,4,7,4,3,1,0,3,7,0,1,6,7
"Law Teachers, Postsecondary",0,7,8,5,4,0,9,0,0,0,3,1,5,10,6,0,3,4,5,1,0,3,0,6,9,6,3,2,0,1,8,0,0,7,5
"Social Work Teachers, Postsecondary",0,7,9,5,3,0,10,0,0,3,5,1,6,10,5,0,4,5,5,1,0,5,0,4,7,5,6,2,1,4,10,0,1,5,6
"Art, Drama, and Music Teachers, Postsecondary",1,6,7,4,3,0,8,0,0,1,4,0,4,9,4,0,4,7,4,1,0,3,0,4,7,4,4,1,1,4,9,0,2,5,6
"Communications Teachers, Postsecondary",0,7,7,4,4,1,8,0,0,1,3,0,5,8,5,0,4,5,4,1,0,4,0,4,8,5,3,2,1,2,8,0,1,5,6
"English Language and Literature Teachers, Postsecondary",0,7,7,4,4,0,9,0,0,1,3,0,4,8,4,0,4,4,4,1,0,4,0,4,9,4,3,1,0,2,9,0,0,5,6
"Foreign Language and Literature Teachers, Postsecondary",1,7,7,4,3,0,8,0,0,1,3,1,5,8,4,0,3,4,4,1,0,3,0,4,7,4,3,1,0,3,7,0,1,6,6
"History Teachers, Postsecondary",0,7,7,4,3,0,8,0,0,1,4,0,5,9,4,0,4,7,4,0,0,4,0,4,8,5,4,1,1,3,7,0,1,5,6
"Philosophy and Religion Teachers, Postsecondary",0,7,7,4,2,0,8,0,0,1,3,1,5,8,5,0,3,4,5,1,0,4,0,4,8,4,3,1,0,2,8,0,1,6,5
"Family and Consumer Sciences Teachers, Postsecondary",2,5,6,5,2,0,8,0,0,2,3,1,4,8,4,0,3,4,5,1,0,3,0,4,7,4,3,3,1,3,7,0,1,5,6
"Recreation and Fitness Studies Teachers, Postsecondary",1,6,6,5,4,1,8,0,1,2,4,0,5,7,5,0,4,6,4,1,0,4,0,5,6,5,4,2,1,4,8,0,1,5,7
"Career/Technical Education Teachers, Postsecondary",3,5,7,3,4,3,8,0,3,1,3,0,4,6,4,4,4,4,4,1,1,4,2,4,5,3,3,2,1,3,7,1,2,5,6
"Preschool Teachers, Except Special Education",2,3,4,2,3,1,7,0,1,0,4,0,3,4,3,0,4,4,3,1,0,4,0,4,4,3,6,1,0,1,6,0,1,3,6
"Kindergarten Teachers, Except Special Education",1,3,4,4,4,1,7,0,1,0,5,0,4,5,3,0,4,6,4,1,0,5,0,5,5,3,6,2,0,1,6,0,1,5,7
"Elementary School Teachers, Except Special Education",1,5,6,5,4,1,9,0,0,1,5,0,4,7,5,1,4,5,5,1,0,5,0,4,6,5,6,3,0,2,8,0,1,5,7
"Middle School Teachers, Except Special and Career/Technical Education",1,6,6,4,4,1,8,0,0,1,5,0,4,7,4,0,4,7,4,1,0,5,0,5,6,4,6,3,0,0,7,0,1,5,7
"Career/Technical Education Teachers, Middle School",2,4,5,4,3,2,8,0,2,1,5,1,3,7,4,1,3,4,4,1,0,4,1,4,6,3,4,2,1,4,7,0,2,5,6
"Secondary School Teachers, Except Special and Career/Technical Education",2,5,6,5,4,0,8,0,0,1,5,1,5,7,4,0,4,5,5,1,0,5,0,5,6,5,5,3,1,1,7,0,2,5,7
"Career/Technical Education Teachers, Secondary School",2,5,6,4,4,2,7,0,2,1,4,1,5,7,4,1,3,5,5,1,1,6,1,6,6,3,6,3,1,0,7,1,2,5,7
"Special Education Teachers, Preschool",1,5,6,5,3,1,7,0,0,1,5,1,4,7,4,0,3,4,5,1,0,5,0,5,6,4,5,2,0,1,5,0,1,5,7
"Special Education Teachers, Middle School",0,5,7,4,4,0,8,0,0,0,5,0,4,7,4,0,4,7,4,1,0,5,0,5,6,4,6,2,0,0,7,0,0,5,6
"Special Education Teachers, Secondary School",2,6,6,4,4,1,9,0,0,1,5,1,5,6,4,0,3,6,4,1,0,7,0,5,6,4,6,3,1,3,7,0,2,5,7
Adapted Physical Education Specialists,2,5,7,4,4,2,7,0,1,0,5,0,4,6,4,0,4,4,5,1,0,6,0,6,6,5,6,1,0,2,6,0,1,5,7
"Adult Basic Education, Adult Secondary Education, and English as a Second Language Instructors",0,5,5,4,4,1,7,0,0,0,4,0,3,6,3,0,3,5,4,1,0,4,0,4,5,3,4,2,0,0,7,0,0,4,6
Self-Enrichment Teachers,2,3,4,2,1,1,6,0,1,0,3,1,3,5,2,0,3,3,2,1,0,4,0,4,4,2,3,1,0,1,5,0,0,3,4
Tutors,0,5,5,3,3,0,7,0,0,0,3,0,4,6,4,0,3,5,3,0,0,4,0,5,6,3,3,2,0,1,7,0,0,5,5
Archivists,2,6,4,4,3,1,4,0,1,1,2,1,4,4,4,0,4,4,3,2,0,4,0,4,6,3,3,1,2,2,4,0,3,4,3
Curators,4,6,6,5,4,1,5,0,0,1,3,1,5,7,5,0,5,5,6,1,0,3,0,5,7,5,5,3,5,3,4,0,6,5,6
Museum Technicians and Conservators,4,4,4,4,2,2,4,0,1,2,2,0,3,5,3,1,2,3,4,2,1,3,1,3,5,3,3,2,1,0,4,0,2,4,4
Librarians and Media Collections Specialists,0,5,4,2,2,1,4,0,0,0,3,1,2,5,4,0,3,4,3,1,0,5,0,3,6,3,3,1,3,1,4,0,3,4,5
Library Technicians,0,3,3,2,1,1,4,0,1,0,2,1,1,3,2,0,3,3,2,0,0,4,1,2,5,2,3,1,1,1,3,0,1,2,3
Farm and Home Management Educators,1,6,7,7,4,2,7,0,0,3,5,1,6,7,4,0,4,5,7,2,0,6,2,7,7,5,6,4,3,3,6,0,3,6,6
Instructional Coordinators,2,7,7,6,4,1,9,0,0,0,5,0,6,7,5,0,5,7,6,1,0,6,0,6,7,5,7,3,2,2,8,0,3,5,8
"Teaching Assistants, Postsecondary",2,4,4,3,2,1,6,0,1,1,3,1,3,4,3,0,2,4,2,1,0,4,0,3,6,2,3,2,0,2,5,0,1,4,4
Art Directors,3,5,5,4,4,1,5,0,0,0,3,0,5,6,4,0,4,6,5,1,0,4,0,6,5,5,6,2,3,6,5,0,3,5,5
Craft Artists,4,2,3,2,2,2,2,0,2,0,2,0,3,3,2,4,2,1,2,2,2,3,2,4,2,2,1,1,2,3,0,2,3,2,3
"Fine Artists, Including Painters, Sculptors, and Illustrators",4,2,4,2,1,2,3,0,2,0,2,0,3,2,3,3,1,3,2,1,0,2,1,2,3,2,1,1,2,4,1,0,1,2,3
Special Effects Artists and Animators,1,3,4,4,3,2,4,0,0,0,2,1,3,4,4,2,3,4,4,2,0,3,2,4,5,3,4,2,2,2,4,0,2,4,4
Commercial and Industrial Designers,5,4,5,5,3,3,4,0,1,3,3,1,6,5,4,3,4,4,5,8,0,3,1,6,6,4,5,3,2,6,3,0,2,5,5
Fashion Designers,3,4,6,5,5,2,5,0,1,0,5,0,5,5,4,1,5,7,5,1,0,5,0,6,5,5,6,2,4,6,5,0,4,5,6
Floral Designers,2,2,3,2,2,0,2,0,0,0,3,0,2,5,3,1,2,4,1,1,0,4,0,4,2,2,3,2,2,4,2,0,3,3,3
Graphic Designers,1,3,4,4,4,2,4,0,0,0,2,1,3,5,3,0,3,4,3,3,0,4,0,5,4,3,4,1,1,4,4,0,1,3,3
Interior Designers,2,5,4,4,5,1,4,0,1,0,4,1,5,6,5,0,4,4,3,1,0,6,0,6,6,3,6,3,4,6,4,0,4,5,4
Merchandise Displayers and Window Trimmers,2,3,3,3,2,1,2,0,1,0,2,0,3,3,3,1,2,3,2,1,0,3,1,4,3,3,3,1,1,2,2,0,2,3,3
Set and Exhibit Designers,3,3,4,4,4,2,4,0,1,1,2,1,5,5,4,2,4,7,4,2,0,4,1,5,6,3,5,3,3,7,4,0,4,4,4
Actors,0,3,2,2,2,0,3,0,0,0,4,0,2,6,2,0,3,4,1,0,0,2,0,3,5,2,3,0,0,1,3,0,0,4,3
Producers and Directors,4,6,5,6,4,2,5,0,1,0,5,1,5,7,5,2,6,7,5,2,0,3,1,5,6,4,8,2,5,2,4,0,5,6,8
Media Programming Directors,2,5,7,6,5,3,4,0,0,0,5,0,6,7,5,0,7,8,6,1,0,4,2,6,6,6,8,1,4,5,4,0,5,5,7
Talent Directors,1,3,4,4,5,0,3,0,0,0,5,0,4,6,5,0,4,4,3,1,0,3,0,5,6,5,4,1,2,2,4,0,1,5,5
Media Technical Directors/Managers,6,4,5,6,3,5,5,0,2,0,4,1,5,6,5,5,5,6,5,2,2,3,3,6,5,4,7,2,1,2,5,2,3,5,9
Athletes and Sports Competitors,2,2,3,2,3,2,4,0,1,1,2,0,3,4,3,0,3,4,3,1,0,3,1,4,3,3,6,1,1,2,4,1,1,3,4
Coaches and Scouts,4,5,7,7,6,2,8,0,1,1,5,0,6,7,5,2,8,8,7,2,0,6,1,8,6,6,7,1,2,4,10,0,3,5,9
"Umpires, Referees, and Other Sports Officials",1,2,3,2,3,1,4,0,0,0,2,0,3,4,3,0,2,3,2,1,0,3,0,3,3,3,3,2,0,1,3,0,0,2,4
Dancers,0,2,3,2,1,0,3,0,0,0,2,0,1,2,1,0,2,3,1,0,0,3,0,3,2,1,4,0,0,0,3,0,0,2,3
Choreographers,1,3,4,4,3,0,6,0,0,0,4,0,3,6,4,0,5,6,4,1,0,4,0,4,4,4,7,1,1,4,8,0,1,5,6
Music Directors and Composers,1,4,5,4,4,0,4,0,0,0,3,1,3,5,4,1,4,4,4,1,0,3,0,5,4,3,5,1,2,2,4,0,2,4,5
Musicians and Singers,1,2,2,3,2,1,3,0,1,0,3,0,2,4,1,1,2,3,3,1,0,3,0,3,3,2,3,1,0,1,3,0,0,3,3
Broadcast Announcers and Radio Disc Jockeys,2,4,4,2,3,2,2,0,1,0,4,0,3,8,4,1,2,5,2,1,1,4,1,4,6,3,4,1,0,1,2,0,0,5,4
"News Analysts, Reporters, and Journalists",1,6,6,3,3,1,3,0,0,0,5,1,4,8,5,0,3,5,2,1,0,3,1,5,7,3,4,1,1,2,2,0,1,5,5
Public Relations Specialists,0,6,5,5,4,0,4,0,0,0,5,0,5,7,5,0,3,7,5,2,0,4,0,8,6,5,7,1,1,4,4,0,1,5,4
Editors,6,8,5,5,4,1,4,0,0,0,3,1,3,6,5,0,5,7,3,1,0,3,0,5,10,3,4,2,1,2,4,0,0,5,4
Technical Writers,3,9,5,2,2,0,3,0,0,0,2,0,3,5,4,0,2,4,1,0,0,1,0,4,8,3,3,0,0,3,3,0,1,4,3
Writers and Authors,1,9,4,2,3,0,4,0,0,0,3,1,3,6,4,0,3,6,2,1,0,4,0,6,6,3,4,0,0,0,3,0,0,4,3
"Poets, Lyricists and Creative Writers",1,10,6,2,2,0,4,0,0,0,3,0,4,5,4,1,1,3,2,1,0,2,0,4,8,4,3,0,1,2,2,0,1,4,3
Interpreters and Translators,2,5,4,2,2,1,4,0,0,0,3,0,3,7,4,0,3,4,2,1,0,4,0,3,6,3,3,1,0,1,4,0,0,5,6
Court Reporters and Simultaneous Captioners,2,4,2,1,0,1,2,0,1,0,1,0,1,3,1,0,0,3,1,0,0,1,1,0,4,0,0,0,0,0,0,0,0,5,3
Audio and Video Technicians,5,3,3,4,2,5,4,3,5,0,2,1,3,3,4,5,4,4,4,2,3,4,3,3,4,2,4,1,1,2,4,3,2,2,5
Broadcast Technicians,6,3,4,4,2,6,4,2,6,1,2,2,4,3,3,6,3,4,4,3,4,2,3,3,4,3,3,3,1,2,3,4,2,4,5
Sound Engineering Technicians,5,3,4,4,3,4,4,0,5,0,2,1,4,4,3,5,3,4,4,3,3,3,3,4,4,3,3,1,1,0,3,3,2,4,4
Photographers,4,3,4,3,3,3,4,0,2,1,2,0,3,4,2,4,4,4,3,2,1,4,2,4,3,3,3,1,1,4,4,1,1,4,4
"Camera Operators, Television, Video, and Film",5,3,3,2,2,4,4,0,3,0,3,0,3,3,3,6,3,4,2,3,2,3,3,4,3,3,5,1,1,2,3,2,2,3,4
Film and Video Editors,4,3,4,4,2,2,3,0,1,0,2,0,4,3,3,2,2,4,3,2,0,2,1,4,4,3,3,1,1,2,3,0,1,4,3
Chiropractors,2,5,6,5,2,1,4,0,1,5,5,0,5,6,5,0,4,5,5,1,0,6,1,5,7,4,4,2,1,2,4,0,2,5,4
"Dentists, General",5,4,8,4,4,3,5,0,2,5,5,1,7,6,6,4,6,8,4,3,0,6,3,8,8,6,7,3,4,3,5,1,5,5,7
Oral and Maxillofacial Surgeons,4,5,8,5,3,3,5,0,2,5,5,0,8,6,6,3,4,5,5,3,1,5,3,4,8,6,5,2,1,5,4,1,2,5,7
Orthodontists,3,5,6,4,4,3,5,0,2,4,5,0,7,6,5,2,5,7,4,3,0,5,2,5,6,5,7,2,2,6,5,0,3,5,7
Prosthodontists,5,4,4,3,3,3,4,0,3,4,5,0,6,6,5,2,5,5,3,3,1,5,2,4,5,4,4,2,2,6,5,1,2,5,5
Dietitians and Nutritionists,5,6,6,5,5,1,7,0,1,4,6,1,7,7,5,0,5,5,6,2,0,7,0,7,7,6,6,3,4,5,6,0,4,5,7
Optometrists,4,6,5,4,4,2,5,0,2,5,5,1,5,6,6,0,4,5,4,1,0,5,2,6,8,4,5,3,2,2,5,0,2,5,5
Pharmacists,4,5,6,4,3,2,5,0,1,5,5,0,5,7,5,0,5,6,5,1,0,6,0,4,7,5,5,4,2,4,5,0,4,5,8
Physician Assistants,3,6,7,5,4,2,5,0,1,5,5,1,6,6,6,0,4,6,6,1,0,7,0,6,8,6,6,3,1,4,5,0,2,5,7
Anesthesiologist Assistants,5,4,5,4,3,5,4,0,4,3,3,0,4,5,4,4,3,5,4,2,2,5,4,3,6,4,4,3,1,1,4,2,2,5,6
Podiatrists,4,6,9,5,3,2,5,0,2,5,5,0,6,7,5,3,4,5,5,4,0,5,2,4,8,5,5,3,3,4,4,0,3,6,7
Occupational Therapists,2,6,7,5,3,2,7,0,1,3,5,1,5,6,5,0,4,7,5,2,0,7,1,5,6,5,6,1,2,5,7,0,2,5,7
"Low Vision Therapists, Orientation and Mobility Specialists, and Vision Rehabilitation Therapists",2,5,6,4,4,2,7,0,1,1,5,0,5,6,4,0,4,4,4,2,0,6,1,5,6,4,3,1,0,1,6,0,1,5,7
Physical Therapists,2,5,4,5,4,2,5,0,2,3,5,1,4,7,5,1,4,7,4,2,0,7,1,5,7,5,5,2,1,4,5,0,2,5,7
Radiation Therapists,6,3,3,3,2,5,4,0,5,3,4,1,3,4,4,5,4,4,3,1,3,4,4,3,5,2,4,3,1,4,4,4,2,4,4
Recreational Therapists,2,5,4,4,4,1,6,0,0,1,5,0,5,6,5,0,4,4,4,1,0,8,1,6,6,3,7,1,1,4,6,0,2,5,6
Respiratory Therapists,5,4,6,4,3,4,4,0,3,4,4,0,4,6,5,4,4,4,4,2,3,6,3,4,5,4,4,3,1,2,4,3,2,4,7
Speech-Language Pathologists,3,6,7,5,3,2,8,0,1,3,6,1,6,7,5,1,3,5,5,2,0,6,0,4,8,5,5,2,0,5,7,0,0,5,7
Exercise Physiologists,3,5,5,5,4,2,6,0,2,3,5,1,5,7,5,2,4,4,5,2,0,6,1,5,7,5,5,3,1,2,6,0,1,5,7
Art Therapists,1,5,6,4,4,1,6,0,0,1,7,1,5,7,5,1,4,5,5,1,0,7,0,5,6,5,4,1,1,2,4,0,1,5,7
Music Therapists,2,4,5,5,4,2,7,0,1,1,7,0,4,6,5,1,4,4,4,2,0,7,0,5,6,5,4,1,1,1,5,0,2,5,7
Veterinarians,3,5,8,4,3,2,4,0,1,6,4,0,6,7,5,2,4,5,5,1,0,5,1,4,8,6,4,3,2,4,5,0,2,5,5
Registered Nurses,5,5,6,4,3,4,6,0,2,3,6,0,5,7,5,1,3,4,4,1,0,7,2,4,6,5,7,3,1,2,5,0,2,5,7
Acute Care Nurses,4,4,6,4,4,4,5,0,2,4,6,1,6,6,5,1,4,4,5,2,0,7,3,5,7,5,6,3,1,3,6,0,2,5,7
Advanced Practice Psychiatric Nurses,0,6,7,5,6,2,7,0,0,3,7,1,5,7,5,0,4,8,5,1,0,6,0,7,6,6,6,2,2,0,5,0,2,6,7
Critical Care Nurses,4,5,7,4,4,5,5,0,2,4,5,1,5,6,5,1,4,5,4,1,0,7,3,6,6,5,7,3,2,4,5,0,2,5,7
Clinical Nurse Specialists,3,6,8,5,4,3,6,0,1,5,6,0,6,7,6,0,4,7,5,1,0,8,1,7,7,6,8,3,1,5,6,0,2,5,7
Nurse Anesthetists,6,4,7,5,4,5,6,0,4,6,5,0,7,6,5,6,4,5,5,1,2,7,3,5,7,6,6,4,2,4,5,2,3,5,7
Nurse Midwives,3,5,7,4,3,2,5,0,1,4,6,0,6,7,6,0,3,4,5,1,0,7,1,4,6,5,6,2,1,3,5,0,1,5,7
Nurse Practitioners,3,6,7,5,4,2,6,0,1,5,6,0,7,6,5,1,4,6,5,1,0,7,1,6,8,6,6,3,1,5,5,0,1,6,7
Audiologists,6,6,8,5,3,4,6,0,3,4,6,1,6,7,5,4,4,4,5,2,2,6,2,5,8,5,5,3,1,4,5,2,2,6,7
Anesthesiologists,4,6,6,5,3,6,5,0,3,6,4,0,7,6,6,1,5,7,5,1,0,5,3,5,7,6,5,3,2,4,5,0,3,5,8
Dermatologists,2,5,6,4,4,1,5,0,0,5,5,1,5,6,6,0,4,4,4,1,0,7,0,6,7,5,5,2,2,2,5,0,1,5,6
Family Medicine Physicians,3,6,7,4,3,2,5,0,1,6,5,0,7,7,6,0,5,8,4,0,0,7,0,5,8,7,5,3,1,4,6,0,1,7,7
General Internal Medicine Physicians,3,6,7,5,4,2,5,0,1,6,5,1,7,7,6,1,4,5,5,1,0,6,0,6,8,6,5,3,1,5,5,0,1,5,7
Neurologists,3,6,8,5,3,2,7,0,1,6,6,1,8,7,7,1,5,6,6,1,0,5,0,7,9,7,6,3,2,2,7,0,2,6,9
Obstetricians and Gynecologists,1,6,8,5,4,2,6,0,0,6,5,0,7,7,7,0,4,7,4,0,0,6,1,5,9,6,7,3,2,4,5,0,3,6,7
"Pediatricians, General",1,6,7,4,4,1,5,0,1,6,5,0,7,7,6,0,4,5,5,0,0,7,0,5,8,7,5,2,1,5,6,0,1,6,7
"Physicians, Pathologists",5,7,8,5,4,2,5,0,2,6,3,1,8,7,6,1,5,6,5,2,0,4,1,5,9,7,4,3,3,2,6,0,4,5,6
Psychiatrists,1,6,8,5,5,1,7,0,0,6,9,0,7,8,6,0,4,5,6,1,0,7,0,7,8,6,7,2,1,6,6,0,1,8,7
Radiologists,6,6,7,5,3,5,6,0,2,5,5,0,7,7,7,1,4,6,5,1,1,6,3,4,9,6,5,3,1,1,6,0,2,6,8
Allergists and Immunologists,2,6,8,5,4,2,6,0,0,6,5,0,7,6,5,1,4,7,5,1,0,6,0,5,8,7,4,3,2,0,5,0,2,5,7
Hospitalists,3,6,9,5,4,1,6,0,1,4,7,0,8,7,6,0,4,5,6,1,0,7,0,6,8,7,7,3,1,2,6,0,1,6,8
Urologists,4,6,7,5,4,4,5,0,2,5,5,1,7,6,6,1,5,7,5,0,0,6,2,5,9,7,6,3,2,0,5,0,2,6,7
Physical Medicine and Rehabilitation Physicians,4,5,7,4,3,2,6,0,1,5,6,1,6,7,6,0,5,7,5,2,0,6,1,6,8,6,7,3,1,2,6,0,2,6,7
Preventive Medicine Physicians,3,7,9,7,4,1,8,0,1,7,7,0,10,9,7,0,7,7,8,1,0,8,0,7,10,8,8,4,2,5,7,0,1,6,9
Sports Medicine Physicians,4,5,7,6,4,4,7,0,2,4,5,1,6,7,6,1,5,7,6,2,0,6,2,7,8,7,6,2,1,2,6,0,2,6,7
"Ophthalmologists, Except Pediatric",4,6,7,4,4,3,6,0,2,5,5,1,7,7,7,1,4,8,5,2,0,7,2,7,9,6,7,4,2,2,7,0,2,6,7
Acupuncturists,2,4,4,4,2,1,4,0,1,2,5,0,3,5,4,1,2,3,4,1,0,5,1,3,5,4,3,1,1,1,3,0,1,5,5
Dental Hygienists,3,3,3,2,2,4,4,0,3,2,2,0,2,3,3,1,3,4,2,1,1,4,2,4,3,2,3,1,0,1,4,2,1,4,3
Naturopathic Physicians,2,6,6,5,3,2,6,0,0,4,6,1,6,7,5,0,4,4,5,1,0,7,0,6,8,6,4,2,2,1,4,0,2,6,6
Orthoptists,1,5,5,4,2,2,6,0,0,5,5,1,5,6,5,0,3,4,5,2,0,6,0,4,6,4,3,3,0,4,5,0,0,5,5
Medical and Clinical Laboratory Technologists,7,4,5,4,2,6,4,0,5,6,3,2,4,4,4,7,4,4,4,1,3,4,3,4,6,3,3,3,1,2,5,4,2,4,5
Cytogenetic Technologists,5,5,4,4,2,3,4,0,1,5,2,0,4,5,5,1,4,4,4,1,1,3,2,3,7,4,3,3,1,1,4,1,1,4,4
Cytotechnologists,4,3,4,2,1,3,4,0,3,3,2,1,4,3,4,2,3,4,2,0,2,3,2,2,5,3,3,2,1,0,4,2,1,4,3
Medical and Clinical Laboratory Technicians,6,3,4,3,2,4,4,0,5,4,2,1,3,3,3,5,4,4,2,2,3,4,3,3,4,2,3,2,1,2,4,4,1,3,4
Cardiovascular Technologists and Technicians,4,4,4,3,2,5,4,0,4,3,3,0,3,5,4,3,3,4,3,1,3,4,3,3,5,3,3,2,1,1,4,3,1,4,6
Diagnostic Medical Sonographers,5,4,4,3,3,4,4,0,4,4,3,0,3,5,3,4,3,5,2,2,3,4,3,4,5,3,4,2,1,2,4,3,1,5,5
Nuclear Medicine Technologists,5,4,4,3,2,4,4,0,3,4,4,1,3,5,4,3,3,4,2,1,2,4,3,4,5,3,4,3,1,1,4,2,1,4,5
Radiologic Technologists and Technicians,5,3,3,3,2,4,4,0,4,1,3,1,2,4,3,3,3,3,3,1,1,5,3,2,4,2,4,1,0,0,4,1,1,4,4
Magnetic Resonance Imaging Technologists,4,3,4,4,3,5,4,0,4,3,3,1,3,5,3,3,2,3,4,1,1,4,4,4,6,2,3,2,0,0,4,1,2,4,6
Dietetic Technicians,5,3,4,4,3,3,5,0,2,1,3,0,3,4,2,0,4,4,4,1,0,5,2,4,3,3,3,3,2,3,4,0,2,2,5
Pharmacy Technicians,3,3,4,2,1,2,4,0,1,1,3,0,3,4,3,0,2,4,2,1,0,4,1,2,5,3,3,3,1,1,2,0,2,5,4
Psychiatric Technicians,2,3,4,4,4,2,5,0,1,1,6,0,3,6,4,0,4,3,3,1,0,5,1,5,5,2,5,1,0,1,5,0,0,5,7
Surgical Technologists,5,3,3,3,2,4,4,0,4,2,2,0,3,3,2,4,3,4,4,1,3,4,3,3,4,2,4,2,2,2,4,4,4,4,6
Veterinary Technologists and Technicians,4,3,4,4,3,4,4,0,3,3,2,1,4,5,4,3,4,3,3,1,2,4,2,4,5,3,3,2,1,2,4,3,3,4,5
Ophthalmic Medical Technicians,3,3,4,2,1,2,3,0,2,1,2,0,2,4,2,4,2,2,2,0,1,4,1,2,4,2,3,2,0,0,3,2,0,4,3
Licensed Practical and Licensed Vocational Nurses,2,3,4,4,3,3,5,0,1,3,6,0,3,6,4,0,4,5,4,1,0,7,2,4,6,4,7,3,0,1,4,0,1,5,7
"Opticians, Dispensing",4,3,3,2,3,3,4,0,2,1,3,0,3,6,4,2,3,3,3,2,1,5,2,5,5,2,4,3,1,2,4,1,2,5,3
Orthotists and Prosthetists,6,6,7,4,2,4,5,0,3,3,5,1,6,7,5,4,3,4,4,6,1,6,2,5,7,4,4,3,0,6,4,1,2,5,5
Hearing Aid Specialists,5,3,4,4,3,3,4,0,3,1,3,0,3,4,3,3,2,4,4,2,3,6,0,5,4,3,3,2,1,1,5,2,2,4,3
Neurodiagnostic Technologists,5,4,4,4,1,4,5,0,5,2,3,1,3,6,4,2,2,4,4,1,3,4,3,1,6,3,3,2,1,0,4,2,1,5,6
Ophthalmic Medical Technologists,2,4,3,3,2,3,4,0,2,2,3,1,3,6,3,2,3,4,2,0,0,4,1,4,4,3,4,2,0,0,4,1,1,5,3
Patient Representatives,0,4,5,4,4,1,4,0,0,1,5,1,4,6,4,0,3,5,4,1,0,7,0,7,5,3,6,1,2,0,4,0,2,5,3
Athletic Trainers,4,5,6,4,3,3,6,0,2,2,5,0,4,6,5,1,3,4,4,2,0,6,1,5,5,5,3,1,1,2,6,0,1,5,7
Genetic Counselors,0,6,7,4,4,1,5,0,0,4,5,0,6,6,5,0,4,4,4,1,0,4,0,4,8,4,3,3,0,0,4,0,0,5,3
Surgical Assistants,4,3,4,4,3,5,5,0,2,3,3,1,4,6,3,2,2,3,3,1,0,5,3,3,5,3,4,2,1,1,3,0,2,5,5
Midwives,2,4,5,4,3,2,5,0,1,3,7,1,4,6,5,1,3,3,4,1,0,6,0,4,6,5,6,2,1,0,5,0,1,5,9
Home Health Aides,2,3,3,2,3,2,4,0,1,1,3,0,3,3,3,0,2,4,2,0,0,5,0,4,3,2,3,2,1,0,4,0,1,4,4
Personal Care Aides,2,3,3,2,2,2,4,0,1,0,4,0,2,3,2,0,2,3,2,0,0,7,1,3,2,2,3,1,0,0,3,0,1,2,4
Nursing Assistants,3,2,3,1,1,2,2,0,1,1,3,0,1,3,2,0,2,2,2,1,0,7,1,1,3,2,3,1,0,0,3,0,1,3,4
Orderlies,1,2,1,1,1,1,2,0,2,0,2,0,0,1,1,0,1,1,1,0,0,4,1,1,1,0,2,1,0,0,2,0,0,1,1
Psychiatric Aides,2,3,4,2,3,2,4,0,1,0,5,0,3,4,3,0,2,3,2,1,0,5,1,4,3,3,5,1,1,0,4,0,1,3,6
Occupational Therapy Assistants,2,4,4,4,3,2,5,0,2,1,5,0,3,5,3,0,3,4,4,1,0,5,1,4,5,3,4,1,1,1,5,0,2,4,4
Occupational Therapy Aides,2,3,3,2,2,2,4,0,1,0,4,0,3,5,3,0,2,3,2,1,1,6,1,4,3,2,4,1,0,2,4,1,1,3,4
Physical Therapist Assistants,4,3,4,4,2,3,4,0,3,2,4,1,3,6,3,3,3,4,4,2,1,5,1,5,4,3,4,2,1,2,5,1,1,5,6
Physical Therapist Aides,2,3,3,2,2,2,4,0,2,1,3,0,2,3,2,0,2,2,2,1,0,4,1,3,3,1,3,1,0,1,4,0,0,3,4
Massage Therapists,1,3,3,2,1,0,4,0,0,1,3,0,3,5,2,0,1,2,2,1,0,4,0,1,3,2,1,1,0,1,2,0,1,3,3
Dental Assistants,3,3,4,2,2,3,3,0,2,1,2,0,3,3,2,3,2,3,2,1,1,4,2,3,3,2,3,1,1,1,4,1,2,4,3
Medical Assistants,2,4,4,3,2,2,5,0,1,2,5,0,3,6,4,1,2,3,3,1,1,5,1,4,5,2,4,2,1,1,4,0,2,4,5
Medical Equipment Preparers,6,2,3,3,1,4,3,2,5,1,2,1,2,2,2,3,1,3,2,1,3,3,3,1,3,2,3,2,1,0,2,4,3,2,4
Medical Transcriptionists,1,5,3,1,1,0,2,0,0,0,2,0,2,3,2,0,1,3,1,0,0,1,0,1,6,2,1,1,0,1,1,0,0,5,3
Pharmacy Aides,2,2,3,2,1,1,3,0,1,0,2,0,2,3,2,0,1,2,1,1,0,4,1,2,3,1,3,2,1,0,2,0,1,3,2
Veterinary Assistants and Laboratory Animal Caretakers,3,3,3,2,2,2,2,0,2,2,2,0,2,3,2,1,2,2,2,1,1,4,1,2,3,2,3,2,2,2,4,1,2,3,4
Phlebotomists,4,3,3,2,1,2,4,0,2,2,3,0,2,5,3,1,3,4,2,1,1,5,1,3,3,2,3,1,1,0,4,1,1,3,3
Speech-Language Pathology Assistants,0,3,4,3,2,2,5,0,0,1,4,0,4,6,3,0,2,3,4,1,0,5,0,3,5,3,3,1,0,1,4,0,1,5,5
Endoscopy Technicians,5,3,4,3,1,4,3,0,5,1,3,0,3,3,3,4,2,3,2,1,4,4,3,2,5,2,3,1,0,0,4,4,1,3,4
First-Line Supervisors of Correctional Officers,2,4,4,5,4,2,5,0,1,0,5,0,4,6,5,0,7,6,4,1,0,4,1,6,5,3,7,1,1,2,5,0,2,5,8
First-Line Supervisors of Police and Detectives,3,5,7,5,5,3,7,0,1,1,5,1,6,6,5,0,7,8,5,1,0,5,2,8,6,4,7,2,3,3,7,0,4,5,8
First-Line Supervisors of Firefighting and Prevention Workers,3,4,4,4,4,4,5,0,3,1,4,1,5,5,4,3,6,6,4,1,2,5,2,5,5,4,6,2,2,1,5,2,3,4,6
Firefighters,5,3,5,3,2,4,4,0,4,1,4,0,3,4,4,6,3,3,4,2,3,5,4,4,3,4,6,3,1,0,4,4,2,3,5
Fire Inspectors and Investigators,4,4,4,4,3,3,4,0,3,1,3,1,4,5,4,0,3,4,4,1,0,5,1,5,4,3,4,2,2,2,4,0,2,4,4
Forest Fire Inspectors and Prevention Specialists,3,3,4,4,3,3,5,0,3,1,2,0,4,5,5,2,5,5,4,1,1,3,2,5,3,4,6,2,1,1,4,2,2,3,5
Bailiffs,1,1,2,1,3,1,2,0,0,0,4,0,2,3,2,0,2,2,0,0,0,3,0,4,2,3,3,0,0,0,2,0,0,2,4
Correctional Officers and Jailers,3,3,4,3,4,3,4,0,2,0,5,0,3,5,4,1,3,4,3,1,1,4,2,5,5,3,5,1,1,0,4,1,1,4,7
Detectives and Criminal Investigators,3,4,5,3,3,2,4,0,2,1,5,1,6,7,5,1,3,4,4,1,0,5,2,5,6,5,5,2,1,1,4,0,1,6,5
Police Identification and Records Officers,2,4,4,4,3,3,4,0,1,1,3,0,4,6,5,0,3,3,2,1,0,3,2,4,5,3,3,2,1,0,4,0,1,4,4
Intelligence Analysts,0,6,5,4,4,1,4,0,0,1,3,2,5,7,5,0,2,3,4,2,0,4,0,5,8,4,4,3,1,2,4,0,1,5,4
Fish and Game Wardens,4,3,4,5,3,3,4,0,3,3,3,0,4,5,5,2,3,4,5,1,2,4,3,6,5,4,4,3,1,3,4,2,1,4,5
Parking Enforcement Workers,3,2,2,2,2,2,2,0,3,0,2,0,2,3,2,2,3,3,2,0,1,3,2,3,2,1,3,1,0,0,3,2,0,2,4
Police and Sheriff's Patrol Officers,1,4,5,3,5,2,4,0,1,0,5,0,3,6,4,0,3,4,3,1,0,5,2,7,5,4,6,2,1,0,4,0,1,4,5
Customs and Border Protection Officers,2,5,4,3,4,2,4,0,1,1,4,0,3,6,5,0,3,4,3,1,0,4,2,5,5,4,5,2,1,0,4,0,1,5,6
Transit and Railroad Police,2,3,4,4,4,3,4,0,2,0,3,1,4,6,4,0,4,4,2,1,0,4,2,5,3,3,4,1,1,2,4,0,1,4,5
Animal Control Workers,1,3,3,2,2,2,3,0,0,0,2,0,2,4,3,0,2,3,2,0,0,4,1,4,3,2,3,1,1,1,3,0,1,3,3
Private Detectives and Investigators,1,4,5,4,3,1,2,0,0,0,4,1,4,6,5,0,2,4,4,1,0,3,1,4,6,4,3,2,1,1,2,0,1,5,5
Gambling Surveillance Officers and Gambling Investigators,3,3,4,3,2,2,3,0,1,0,2,0,2,5,4,0,3,3,3,1,0,2,1,3,4,3,3,1,0,0,4,0,1,3,7
Security Guards,2,2,3,1,2,2,3,0,2,0,2,0,2,3,2,0,2,1,1,0,0,3,2,4,3,2,3,1,0,0,2,0,0,3,4
Crossing Guards and Flaggers,0,1,1,1,1,0,1,0,0,0,2,0,1,2,1,0,1,0,1,0,0,3,0,2,1,2,2,0,0,0,1,0,0,2,2
"Lifeguards, Ski Patrol, and Other Recreational Protective Service Workers",2,2,3,1,1,1,4,0,1,0,3,0,2,3,2,1,2,1,1,0,0,4,0,3,2,2,3,0,0,0,3,0,0,2,6
Transportation Security Screeners,4,2,3,2,2,4,3,0,3,1,3,1,2,3,3,2,3,1,3,0,1,3,2,4,3,2,4,1,1,1,4,1,1,3,4
Retail Loss Prevention Specialists,3,3,4,4,3,3,4,0,3,0,3,1,3,4,4,0,4,3,4,1,0,3,1,4,4,3,4,2,1,1,4,0,1,3,5
Chefs and Head Cooks,6,3,5,4,5,4,5,0,2,0,4,0,4,6,4,3,6,7,4,1,1,4,2,6,3,4,7,3,4,3,4,1,5,4,7
First-Line Supervisors of Food Preparation and Serving Workers,5,3,4,4,4,2,5,0,2,0,4,0,3,6,4,0,6,5,5,1,0,6,1,5,4,3,6,3,4,2,5,0,4,3,6
"Cooks, Fast Food",1,1,2,1,2,2,1,0,0,0,2,0,1,1,1,0,1,1,1,0,0,2,1,2,2,1,1,1,0,0,2,0,0,1,1
"Cooks, Institution and Cafeteria",5,2,3,2,2,3,4,0,1,0,2,0,3,3,2,1,4,4,2,1,0,4,2,3,2,2,3,3,2,2,3,0,4,2,3
"Cooks, Private Household",3,2,3,2,2,3,3,0,2,0,2,0,3,2,2,1,3,4,2,1,0,5,2,4,3,2,3,2,3,2,1,0,4,2,3
"Cooks, Restaurant",4,2,3,2,2,3,2,0,2,0,2,0,1,3,2,2,3,4,2,0,0,2,2,2,2,2,3,2,2,1,2,0,3,2,4
"Cooks, Short Order",2,2,3,1,2,2,2,0,2,0,2,0,2,2,2,0,3,3,2,1,0,3,0,3,2,1,3,1,1,0,2,0,2,2,3
Food Preparation Workers,2,1,1,1,1,2,2,0,2,0,1,0,1,1,1,0,2,2,1,0,0,2,1,2,1,1,2,1,0,0,2,0,1,1,2
Bartenders,3,3,3,2,3,2,4,0,1,0,3,0,2,3,2,0,3,3,2,1,0,5,1,5,3,2,3,2,2,0,4,0,3,3,3
Fast Food and Counter Workers,2,1,0,2,1,1,2,0,1,0,1,0,0,1,1,0,2,1,2,1,0,3,1,2,1,1,3,1,1,0,2,0,2,1,1
Baristas,3,2,2,1,2,3,2,0,2,0,2,0,1,3,1,1,2,2,1,0,2,4,2,3,2,1,3,1,1,0,2,2,1,2,2
Waiters and Waitresses,2,1,2,1,2,1,2,0,1,0,3,0,2,3,1,0,2,2,1,0,0,4,0,3,2,1,3,1,0,0,2,0,0,3,3
"Food Servers, Nonrestaurant",3,1,1,1,1,1,2,0,1,0,2,0,1,2,1,0,2,2,1,1,0,2,1,2,1,1,2,1,1,0,2,0,1,1,2
Dining Room and Cafeteria Attendants and Bartender Helpers,2,0,1,1,1,1,2,0,1,0,1,0,0,1,1,0,2,1,1,0,0,2,1,2,1,1,3,1,1,0,2,0,1,1,2
Dishwashers,3,1,1,1,1,3,1,0,2,0,1,0,1,1,0,3,2,2,1,0,2,1,2,2,0,1,1,1,1,0,1,2,1,1,1
"Hosts and Hostesses, Restaurant, Lounge, and Coffee Shop",1,1,2,2,3,0,2,0,0,0,2,0,0,3,1,0,2,2,1,0,0,4,0,4,2,1,3,1,0,0,2,0,0,3,1
First-Line Supervisors of Housekeeping and Janitorial Workers,5,3,3,2,4,2,4,0,2,0,3,0,3,4,2,2,6,6,3,0,1,4,1,4,3,2,5,1,3,1,4,2,4,2,5
"First-Line Supervisors of Landscaping, Lawn Service, and Groundskeeping Workers",5,3,4,4,3,4,4,0,3,1,3,1,3,6,4,3,7,8,4,1,2,4,3,5,4,3,6,3,2,2,4,2,4,4,7
"Janitors and Cleaners, Except Maids and Housekeeping Cleaners",2,1,2,1,1,2,1,0,3,0,1,0,1,1,1,2,2,2,1,0,2,2,1,2,1,1,2,0,0,0,1,2,0,1,2
Maids and Housekeeping Cleaners,2,1,1,1,2,1,1,0,1,0,1,0,1,1,1,0,2,2,1,0,0,3,0,2,1,0,3,1,0,0,2,0,1,1,1
Pest Control Workers,4,4,3,4,4,4,4,0,3,1,3,0,3,4,3,3,4,5,2,1,2,4,3,5,3,2,3,2,2,1,4,2,2,3,4
Landscaping and Groundskeeping Workers,2,0,1,1,1,3,2,0,3,1,1,0,1,1,0,3,2,1,1,1,2,2,3,1,0,1,2,0,0,0,1,2,0,1,1
"Pesticide Handlers, Sprayers, and Applicators, Vegetation",3,2,2,2,1,4,2,0,3,1,2,0,3,3,2,3,3,4,2,0,2,2,3,3,2,2,3,2,1,0,2,3,1,2,3
Tree Trimmers and Pruners,4,2,2,2,2,5,2,0,4,1,1,0,3,2,2,5,3,3,1,1,2,3,4,2,2,2,3,1,1,0,4,3,1,1,3
First-Line Supervisors of Gambling Services Workers,2,4,3,4,4,2,4,0,1,0,4,1,3,5,4,2,5,5,4,1,1,6,1,5,5,3,4,2,1,1,5,1,1,4,6
First-Line Supervisors of Personal Service Workers,4,3,3,4,4,2,4,0,1,0,4,0,4,5,4,0,6,7,4,1,0,4,1,6,4,3,5,1,2,1,5,0,3,4,5
Animal Trainers,3,2,4,4,2,1,6,0,1,1,2,0,3,3,3,0,3,3,4,1,0,4,1,4,3,2,3,1,1,1,5,0,2,2,4
Animal Caretakers,2,2,1,2,1,1,2,0,1,0,1,0,1,2,1,1,2,1,2,1,0,3,0,1,2,1,2,1,1,0,2,0,1,2,3
Gambling Dealers,1,1,2,1,2,1,2,0,0,0,2,0,1,3,1,0,2,2,1,0,0,4,0,3,2,1,3,2,0,0,3,0,0,2,3
Gambling and Sports Book Writers and Runners,2,2,2,2,2,2,2,0,1,0,2,0,1,3,2,0,3,1,1,0,0,3,0,3,2,1,3,3,1,0,2,0,1,3,4
Motion Picture Projectionists,4,2,1,1,1,4,2,0,5,0,1,0,2,2,1,3,1,3,1,0,4,2,3,2,3,1,2,0,0,2,2,4,0,2,3
"Ushers, Lobby Attendants, and Ticket Takers",2,1,2,1,2,2,1,0,1,0,3,0,1,2,1,0,2,1,1,0,0,4,0,3,1,1,2,1,0,0,1,0,0,2,2
Amusement and Recreation Attendants,2,1,1,1,1,2,2,0,2,0,2,0,1,3,1,0,2,1,1,1,1,3,2,3,1,1,2,1,0,0,2,1,0,1,2
Costume Attendants,2,2,2,2,2,1,1,0,1,0,2,0,1,3,2,0,2,2,2,1,0,3,1,3,3,1,4,0,1,2,2,0,1,2,3
"Locker Room, Coatroom, and Dressing Room Attendants",0,1,1,0,2,0,0,0,0,0,2,0,0,3,1,0,1,1,0,0,0,4,0,2,1,1,2,0,0,0,1,0,0,2,2
Embalmers,3,3,3,2,2,3,3,0,2,2,4,0,3,6,2,1,3,4,2,1,1,4,2,2,3,2,3,1,1,2,3,1,1,4,3
Funeral Attendants,2,2,0,1,1,1,1,0,1,0,3,0,1,3,1,1,1,2,1,1,0,4,1,2,2,2,3,1,1,1,1,1,1,2,3
"Morticians, Undertakers, and Funeral Arrangers",5,4,4,4,5,4,4,0,2,1,7,0,4,6,3,0,5,6,4,1,0,7,3,6,4,3,7,3,3,4,4,0,4,5,5
Barbers,2,1,2,1,1,1,1,0,1,0,2,0,1,2,1,2,2,3,1,1,1,4,1,2,1,1,1,1,1,1,0,1,1,2,3
"Hairdressers, Hairstylists, and Cosmetologists",1,3,4,2,2,1,4,0,1,1,3,0,3,4,3,2,3,3,2,1,0,5,0,4,3,2,2,2,1,2,4,0,1,3,3
"Makeup Artists, Theatrical and Performance",3,2,4,3,2,1,3,0,1,0,2,0,2,4,2,1,2,3,2,1,0,3,0,3,3,3,3,1,3,4,3,0,3,3,3
Manicurists and Pedicurists,1,1,2,2,2,1,2,0,0,0,2,0,1,2,1,1,2,2,2,1,0,3,0,3,1,1,2,1,0,0,2,0,0,2,1
Shampooers,1,1,1,1,1,2,2,0,1,0,2,0,0,2,0,0,1,2,0,0,0,3,0,2,1,1,2,1,0,0,2,0,0,2,2
Skincare Specialists,1,2,3,2,2,1,4,0,0,0,2,0,2,4,2,1,2,3,2,0,0,5,1,3,3,2,3,0,0,2,3,0,0,3,3
Baggage Porters and Bellhops,2,2,1,2,2,2,2,0,2,0,1,0,2,3,2,1,2,2,2,0,1,5,2,2,2,1,3,1,1,0,3,1,1,3,2
Concierges,0,2,3,2,3,0,2,0,0,0,4,0,2,5,3,0,2,3,2,1,0,7,0,4,3,2,4,1,1,0,2,0,1,5,3
Tour Guides and Escorts,0,1,2,1,1,1,3,0,0,0,3,0,1,4,2,0,1,2,1,1,0,4,0,3,3,1,3,1,0,1,2,0,0,2,3
Travel Guides,2,3,4,3,4,2,4,0,0,0,4,1,3,5,3,1,4,4,3,1,0,7,2,6,4,3,6,2,3,2,4,0,3,5,3
Childcare Workers,2,3,3,2,3,1,4,0,1,0,3,0,3,3,2,0,2,3,2,1,0,5,0,4,3,2,3,1,0,0,4,0,0,2,4
Nannies,1,3,3,2,4,1,5,0,0,0,5,0,4,4,3,0,2,5,3,1,0,6,1,6,3,3,4,0,1,1,4,0,2,3,6
Exercise Trainers and Group Fitness Instructors,2,2,3,2,1,1,6,0,2,0,3,0,2,4,2,1,2,3,3,1,0,5,1,4,3,2,3,0,0,3,6,1,1,3,5
Recreation Workers,2,3,4,4,3,2,5,0,1,0,5,0,3,6,3,0,5,4,4,1,0,6,0,5,3,2,7,1,2,2,5,0,3,5,5
Residential Advisors,2,3,3,4,4,2,4,0,1,0,4,0,3,6,4,0,4,5,4,1,0,5,1,5,3,3,5,1,2,2,4,0,3,4,6
First-Line Supervisors of Retail Sales Workers,3,4,4,4,5,1,5,0,0,0,4,1,4,6,4,0,5,5,4,1,0,6,0,6,4,3,5,3,3,3,5,0,4,4,6
First-Line Supervisors of Non-Retail Sales Workers,3,5,5,5,6,1,6,0,0,0,5,0,5,6,4,0,7,8,5,1,0,4,1,8,5,5,7,3,4,2,6,0,5,5,8
Cashiers,1,1,2,2,2,1,2,0,0,0,2,0,1,3,1,0,2,3,2,0,0,4,1,3,2,1,2,2,0,0,2,0,0,2,2
Gambling Change Persons and Booth Cashiers,3,2,1,2,2,2,2,0,2,0,1,0,2,2,2,1,2,1,1,0,2,3,1,3,3,1,2,2,1,0,2,1,1,2,2
Counter and Rental Clerks,1,3,2,2,3,2,2,0,1,0,2,0,2,3,2,1,2,2,2,1,1,5,1,4,3,1,3,2,2,0,3,0,2,3,3
Parts Salespersons,3,3,3,2,3,2,2,0,2,0,3,0,3,5,3,3,2,3,2,1,2,5,1,6,4,2,3,2,0,0,3,2,2,5,3
Retail Salespersons,2,3,3,2,5,1,3,0,1,0,3,0,2,4,2,0,2,3,2,1,0,6,1,8,3,2,3,2,1,0,3,0,1,4,3
Advertising Sales Agents,1,3,4,4,6,2,3,0,0,0,4,1,3,7,3,0,3,4,3,1,0,6,1,8,5,3,4,3,2,2,3,0,2,4,4
Insurance Sales Agents,0,4,4,4,4,1,4,0,0,0,2,1,3,6,4,0,2,5,4,1,0,5,1,7,6,3,3,3,0,1,3,0,0,5,3
"Securities, Commodities, and Financial Services Sales Agents",1,4,6,5,4,1,4,0,0,0,3,1,5,5,4,0,3,4,5,1,0,5,0,6,5,4,3,3,4,2,4,0,1,4,6
Travel Agents,0,3,4,2,4,1,3,0,0,0,3,1,3,4,3,0,1,3,2,1,0,7,0,6,5,3,3,2,2,1,3,0,1,5,3
"Sales Representatives, Wholesale and Manufacturing, Technical and Scientific Products",1,4,6,4,7,1,4,0,0,0,5,1,4,7,3,1,3,4,3,2,0,5,1,9,6,3,5,3,3,3,4,0,3,5,4
Solar Sales Representatives and Assessors,2,4,4,4,5,1,3,0,1,0,3,1,4,6,4,1,2,3,4,2,0,6,1,7,5,3,4,3,2,2,4,0,1,4,4
"Sales Representatives, Wholesale and Manufacturing, Except Technical and Scientific Products",0,3,4,2,6,1,2,0,0,0,4,0,3,6,4,0,1,4,2,1,0,4,1,8,4,3,4,2,1,1,3,0,1,5,4
Demonstrators and Product Promoters,2,3,3,2,3,2,4,0,2,0,3,0,2,6,2,0,3,3,2,1,0,4,1,7,3,2,4,1,0,2,3,0,1,4,3
Models,0,1,0,1,1,0,0,0,0,0,2,0,0,1,0,0,1,1,0,1,0,1,0,1,1,0,1,0,0,0,0,0,0,1,0
Real Estate Brokers,4,4,6,3,6,1,2,0,1,0,3,0,3,6,4,0,3,4,2,0,0,4,1,7,6,5,3,3,2,1,2,0,1,5,4
Real Estate Sales Agents,3,4,4,3,6,1,3,0,1,0,4,0,3,6,4,0,3,5,4,1,0,6,1,8,5,4,6,3,2,1,3,0,1,5,3
Sales Engineers,2,5,7,7,6,1,5,0,2,2,5,1,6,7,5,1,4,5,6,5,0,6,1,9,7,6,5,4,3,4,5,0,3,5,4
Telemarketers,0,2,1,1,3,0,0,0,0,0,3,0,1,6,2,0,1,1,1,0,0,5,0,8,3,1,1,0,0,0,1,0,0,5,1
"Door-to-Door Sales Workers, News and Street Vendors, and Related Workers",0,2,2,2,4,0,2,0,0,0,3,0,1,5,2,0,1,3,2,1,0,5,0,8,2,2,4,1,1,1,2,0,1,3,3
First-Line Supervisors of Office and Administrative Support Workers,5,5,6,4,5,2,6,0,2,0,5,1,4,6,4,0,6,7,4,1,0,5,0,6,5,4,7,3,3,3,6,0,4,5,7
"Switchboard Operators, Including Answering Service",1,2,2,2,2,1,2,0,0,0,3,0,1,4,1,0,1,2,1,0,0,4,0,2,2,1,3,1,0,0,2,0,0,3,2
Telephone Operators,0,2,1,1,1,1,2,0,0,0,2,0,2,5,2,0,1,1,1,1,0,5,0,2,2,0,1,1,0,1,1,0,0,4,2
Bill and Account Collectors,1,3,3,3,4,1,2,0,0,0,3,0,3,5,3,0,2,3,2,0,0,3,0,6,4,2,3,2,1,0,2,0,0,4,3
Billing and Posting Clerks,1,3,3,2,2,1,3,0,1,0,2,1,2,3,2,1,2,3,2,0,1,3,1,2,4,2,2,3,1,0,2,0,1,3,3
"Bookkeeping, Accounting, and Auditing Clerks",0,3,3,2,2,0,2,0,0,0,2,0,3,3,3,0,2,3,2,0,0,3,0,2,4,2,3,4,2,0,2,0,1,3,3
Gambling Cage Workers,2,3,2,1,3,1,2,0,0,0,2,0,1,3,2,0,2,3,1,0,0,4,1,3,3,2,3,3,1,0,3,0,1,2,3
Payroll and Timekeeping Clerks,1,3,3,2,1,1,3,0,0,0,2,1,3,3,2,0,2,3,2,0,0,3,0,2,5,2,1,3,0,0,2,0,0,3,3
Procurement Clerks,1,4,5,3,4,0,3,0,0,0,3,0,4,6,4,0,3,4,2,1,0,4,0,3,6,3,3,2,3,1,2,0,3,5,4
Tellers,2,3,3,2,2,2,3,0,1,0,2,0,3,3,2,0,2,3,2,0,0,4,1,3,3,2,3,3,1,0,4,0,1,3,4
Brokerage Clerks,0,4,3,3,3,1,3,0,0,0,2,2,3,5,3,0,2,5,3,0,0,4,0,2,5,2,3,4,1,1,2,0,1,4,3
Correspondence Clerks,0,6,3,2,3,0,3,0,0,0,2,0,2,4,3,0,2,3,2,0,0,4,0,4,5,3,3,2,0,0,2,0,0,4,3
"Court, Municipal, and License Clerks",1,4,2,3,2,1,3,0,0,0,2,1,2,5,3,1,3,4,2,1,0,4,0,2,4,2,3,2,1,0,2,0,1,4,3
"Credit Authorizers, Checkers, and Clerks",0,4,4,2,3,0,2,0,0,0,3,0,3,5,3,0,3,4,2,0,0,3,0,3,5,3,3,1,0,0,3,0,0,5,3
Customer Service Representatives,0,3,3,2,4,1,4,0,0,0,2,0,3,6,3,0,2,4,2,1,0,6,0,4,3,2,3,2,0,1,3,0,0,5,3
"Eligibility Interviewers, Government Programs",0,5,4,2,3,0,3,0,0,0,5,0,3,7,3,0,2,4,2,0,0,6,0,4,6,3,3,2,0,0,2,0,0,5,4
File Clerks,2,3,2,2,2,0,2,0,0,0,1,0,1,3,2,0,2,3,2,1,0,3,1,2,4,1,2,1,0,1,2,0,1,2,2
"Hotel, Motel, and Resort Desk Clerks",2,3,2,2,3,1,3,0,0,0,4,1,3,4,2,0,4,4,2,1,0,6,0,4,3,2,4,2,1,0,4,0,1,3,3
"Interviewers, Except Eligibility and Loan",0,4,3,2,4,1,4,0,0,0,3,1,3,6,3,0,4,5,2,0,0,4,0,5,4,2,3,2,1,2,4,0,1,5,3
"Library Assistants, Clerical",2,3,1,2,1,1,2,0,0,0,2,0,2,3,2,0,2,3,2,0,0,4,0,2,3,1,3,1,1,0,3,0,2,2,3
Loan Interviewers and Clerks,1,5,5,3,3,1,3,0,1,0,3,1,4,6,4,0,2,4,3,1,0,4,0,5,6,4,3,3,1,2,4,0,0,5,3
New Accounts Clerks,1,3,3,2,2,1,2,0,0,0,3,1,2,6,3,0,2,3,2,0,0,5,0,4,4,2,3,3,0,0,2,0,0,5,3
Order Clerks,3,3,3,2,3,1,2,0,0,0,2,0,2,5,3,0,2,3,2,0,0,5,0,4,4,2,3,3,1,1,2,0,1,4,3
"Human Resources Assistants, Except Payroll and Timekeeping",0,4,4,2,2,1,3,0,0,0,3,1,3,5,3,0,3,4,2,1,0,4,0,4,6,2,3,1,1,1,3,0,1,5,5
Receptionists and Information Clerks,2,3,2,2,2,1,2,0,0,0,2,0,2,4,2,0,2,3,2,0,0,5,0,3,3,1,3,1,0,0,2,0,0,3,3
Reservation and Transportation Ticket Agents and Travel Clerks,1,3,3,3,3,2,3,0,0,0,3,1,3,5,3,0,2,4,2,1,0,6,0,5,4,3,3,2,0,1,3,0,0,5,3
Cargo and Freight Agents,3,3,3,2,4,2,2,0,2,0,2,0,3,4,3,1,2,4,2,0,0,4,1,4,3,2,3,2,0,1,3,0,2,3,3
Freight Forwarders,0,4,4,4,4,1,4,0,0,0,3,0,3,4,3,0,3,5,4,1,0,5,0,5,4,3,5,3,3,1,3,0,3,3,5
Couriers and Messengers,2,3,2,2,1,2,2,0,2,0,1,0,2,2,1,0,1,4,1,0,0,3,2,2,2,1,2,2,1,0,1,1,1,2,1
Public Safety Telecommunicators,2,3,4,3,3,2,4,0,2,0,5,1,4,7,4,1,3,3,2,1,1,5,1,5,5,3,6,1,1,2,4,0,1,5,4
"Dispatchers, Except Police, Fire, and Ambulance",2,3,3,4,3,2,4,0,1,0,2,0,3,6,3,0,3,5,4,1,0,4,0,4,4,2,6,1,1,1,3,0,1,5,5
"Meter Readers, Utilities",3,2,2,2,2,3,3,0,3,0,1,1,2,3,2,1,2,3,2,1,1,3,2,2,2,1,1,2,1,0,3,1,1,2,3
Postal Service Clerks,2,3,2,2,2,1,2,0,2,0,2,0,2,3,2,0,2,3,1,1,0,4,1,3,3,1,2,2,1,0,2,0,1,3,2
Postal Service Mail Carriers,1,1,1,1,1,2,1,0,0,0,2,0,1,2,2,0,0,2,1,0,0,2,2,2,2,1,2,1,0,1,0,0,0,2,1
"Postal Service Mail Sorters, Processors, and Processing Machine Operators",3,1,1,2,1,3,2,0,2,0,1,0,1,2,1,0,2,3,1,0,0,2,2,1,2,1,3,1,0,0,2,0,0,2,3
"Production, Planning, and Expediting Clerks",3,3,3,4,3,2,2,0,2,0,2,1,3,4,3,0,3,6,3,1,0,2,0,3,5,2,3,2,2,1,2,0,3,3,4
"Shipping, Receiving, and Inventory Clerks",3,2,1,2,2,2,2,0,2,0,2,0,2,3,2,0,2,2,2,1,0,2,1,3,3,2,3,2,1,0,2,0,1,2,3
"Weighers, Measurers, Checkers, and Samplers, Recordkeeping",5,3,3,2,2,3,3,0,1,0,2,1,2,3,2,2,3,3,2,0,1,4,1,3,3,2,3,3,1,0,3,1,1,2,4
Executive Secretaries and Executive Administrative Assistants,2,5,4,3,3,1,4,0,0,0,3,1,3,6,3,0,3,4,3,1,0,6,0,4,6,2,4,2,1,1,4,0,1,5,5
Legal Secretaries and Administrative Assistants,2,5,3,2,2,1,2,0,0,0,2,0,2,4,2,0,2,4,2,0,0,3,0,3,5,2,3,1,0,0,2,0,0,4,3
Medical Secretaries and Administrative Assistants,0,3,1,2,1,1,2,0,0,0,2,0,3,5,2,0,2,4,2,0,0,5,0,2,4,1,3,1,0,1,2,0,1,4,3
"Secretaries and Administrative Assistants, Except Legal, Medical, and Executive",2,4,3,2,2,1,2,0,0,0,2,1,2,5,3,0,3,5,2,1,0,5,0,2,5,2,3,1,1,1,2,0,1,4,4
Data Entry Keyers,1,3,2,2,2,2,2,0,0,0,1,1,2,2,2,1,3,3,2,0,0,2,0,2,4,1,1,1,1,0,3,0,1,2,2
Word Processors and Typists,3,3,1,1,1,1,1,0,1,0,1,1,0,2,1,0,1,3,1,1,0,3,1,1,4,1,1,2,0,1,1,0,1,2,2
Desktop Publishers,4,4,3,4,3,2,4,0,1,0,2,3,4,5,4,2,4,5,3,2,1,3,1,4,5,3,4,1,2,4,4,1,2,4,4
Insurance Claims and Policy Processing Clerks,1,3,3,3,3,1,3,0,0,0,2,1,3,4,3,0,2,5,3,0,0,4,0,4,4,2,3,2,1,0,2,0,0,3,3
"Mail Clerks and Mail Machine Operators, Except Postal Service",3,2,1,2,0,3,2,0,2,0,2,0,1,2,2,1,1,3,1,0,1,2,3,1,2,2,3,2,1,0,2,1,1,2,3
"Office Clerks, General",1,3,3,2,2,2,2,0,0,0,2,0,1,4,2,0,2,3,2,0,0,3,0,3,5,1,3,1,1,0,3,0,1,4,3
"Office Machine Operators, Except Computer",4,2,3,3,2,4,2,0,4,0,1,1,2,3,1,3,2,3,2,1,3,3,3,2,3,2,2,2,2,1,2,3,2,2,3
Proofreaders and Copy Markers,3,5,2,1,0,0,1,0,0,0,0,0,1,3,2,0,1,2,1,0,0,0,0,1,7,1,1,1,0,0,1,0,0,2,3
Statistical Assistants,2,4,6,3,3,0,4,0,0,2,2,5,5,5,4,0,2,4,3,1,0,3,0,3,5,3,3,7,0,1,3,0,0,3,3
"First-Line Supervisors of Farming, Fishing, and Forestry Workers",6,4,4,4,4,5,5,0,4,1,3,0,4,5,4,5,6,6,4,2,2,3,3,5,4,3,6,3,4,1,5,3,4,3,6
Agricultural Inspectors,10,4,4,5,3,5,4,0,2,3,2,0,4,5,4,0,3,3,5,1,0,3,2,4,5,3,3,2,1,1,4,0,1,4,7
Animal Breeders,4,2,3,3,1,4,2,0,2,3,1,0,3,2,3,1,2,3,2,0,0,2,3,3,2,2,1,1,2,1,1,0,2,2,3
"Graders and Sorters, Agricultural Products",1,1,1,1,0,1,1,0,0,0,0,0,0,1,0,0,0,1,1,0,0,0,0,1,0,0,2,0,0,0,1,0,0,1,2
Agricultural Equipment Operators,5,1,1,1,1,6,1,0,6,0,1,0,1,2,1,4,2,1,1,1,5,1,5,1,0,1,2,1,0,0,2,4,1,2,2
"Farmworkers and Laborers, Crop, Nursery, and Greenhouse",4,2,2,3,1,3,2,1,4,0,1,1,1,2,1,4,2,2,2,1,4,2,3,3,2,1,1,1,1,1,2,3,1,1,2
"Farmworkers, Farm, Ranch, and Aquacultural Animals",5,2,2,2,1,4,2,0,5,1,1,0,2,2,2,5,2,3,2,0,4,2,3,2,2,3,3,1,1,0,3,4,1,2,4
Fishing and Hunting Workers,3,1,2,1,2,4,2,0,4,1,1,0,2,2,2,5,2,2,1,0,4,1,3,2,2,2,2,1,1,1,2,3,1,1,3
Forest and Conservation Workers,3,2,3,3,1,3,3,0,3,1,2,0,2,3,2,3,2,3,2,0,2,2,3,2,2,2,4,1,0,0,2,2,1,2,3
Fallers,4,0,1,0,1,4,0,0,4,1,0,0,2,1,2,5,1,1,1,0,3,1,4,2,0,2,2,1,1,2,1,4,1,1,3
Logging Equipment Operators,5,2,1,2,2,6,2,0,5,0,1,0,2,1,1,4,2,3,2,0,5,2,6,2,1,2,2,1,1,0,2,5,1,1,3
Log Graders and Scalers,4,3,3,3,3,3,2,0,2,0,2,0,2,3,2,1,2,3,2,0,1,2,2,4,2,2,3,3,1,1,3,1,1,2,3
First-Line Supervisors of Construction Trades and Extraction Workers,6,3,4,4,4,4,4,0,3,0,3,0,4,5,3,6,6,5,4,1,2,3,3,5,4,3,7,3,2,3,4,2,3,4,5
Solar Energy Installation Managers,6,4,4,4,5,4,4,2,4,1,3,1,4,5,4,4,7,7,4,3,3,4,3,6,5,4,6,3,3,2,5,3,5,4,6
Boilermakers,7,2,3,3,2,6,4,2,6,1,2,0,3,2,3,7,2,4,2,1,6,2,5,2,3,3,2,2,0,4,3,5,1,2,4
Brickmasons and Blockmasons,5,1,2,2,2,3,2,0,2,1,1,0,2,2,2,4,2,3,2,1,2,2,2,3,2,1,4,3,1,2,2,2,2,2,3
Stonemasons,5,2,3,3,3,3,3,0,3,0,1,0,3,2,3,4,3,4,3,1,2,3,3,4,2,2,5,2,1,2,3,2,2,2,3
Carpenters,6,2,3,3,2,4,3,2,3,0,2,0,3,3,3,6,3,3,3,1,3,3,3,3,3,2,5,4,1,1,3,2,3,3,5
Carpet Installers,5,1,2,2,1,2,3,0,2,0,1,0,2,1,2,4,2,2,2,1,2,3,2,2,1,2,4,3,1,2,3,1,2,1,3
"Floor Layers, Except Carpet, Wood, and Hard Tiles",2,1,2,1,2,2,2,0,1,0,1,0,2,2,2,1,2,2,1,0,0,2,2,3,1,1,3,1,0,1,3,0,0,2,3
Floor Sanders and Finishers,4,1,2,1,1,3,2,0,3,0,1,0,2,1,1,3,1,3,1,0,2,2,3,2,1,1,3,1,0,0,2,2,1,2,3
Tile and Stone Setters,4,1,2,2,2,2,2,0,2,0,1,0,3,2,2,3,2,3,2,1,2,2,2,2,2,2,3,3,0,1,3,2,2,2,2
Cement Masons and Concrete Finishers,5,1,1,2,1,3,2,0,3,0,1,0,2,1,1,3,2,3,1,1,1,1,3,1,1,1,4,2,1,0,2,1,1,1,3
Terrazzo Workers and Finishers,4,1,1,2,1,2,2,0,2,0,1,0,2,1,1,4,2,2,1,0,2,1,3,1,0,1,3,2,0,1,2,2,1,0,2
Construction Laborers,3,1,1,1,1,4,2,1,3,0,1,0,2,3,1,4,2,2,1,1,2,1,3,2,2,1,4,1,0,1,2,3,1,2,2
"Paving, Surfacing, and Tamping Equipment Operators",5,1,2,2,1,5,2,1,5,0,0,0,2,1,2,4,1,2,2,1,5,1,4,1,1,2,3,1,0,0,2,4,0,2,3
Pile Driver Operators,5,1,1,1,1,6,1,0,6,0,1,0,2,1,2,3,1,3,1,1,4,1,6,1,1,2,3,1,0,0,2,5,1,2,3
Operating Engineers and Other Construction Equipment Operators,5,1,3,2,1,5,2,0,5,0,1,0,2,2,2,4,2,3,2,1,5,2,6,2,2,2,3,1,1,1,2,5,1,2,3
Drywall and Ceiling Tile Installers,3,1,1,2,1,2,2,1,2,0,1,0,2,1,1,3,2,3,1,1,1,1,2,1,2,2,3,2,0,1,2,1,1,1,2
Tapers,2,1,1,1,1,2,2,1,2,0,1,0,1,1,1,1,2,3,1,0,1,1,2,2,1,1,1,0,0,1,2,1,1,1,2
Electricians,8,3,4,4,2,4,5,6,10,2,2,0,3,3,3,7,4,4,4,3,7,4,3,5,3,3,5,3,3,4,4,4,3,3,4
Glaziers,3,1,1,2,1,3,2,2,2,0,2,0,2,2,2,3,2,3,2,1,1,2,3,2,2,1,3,2,1,1,2,1,1,2,3
"Insulation Workers, Floor, Ceiling, and Wall",4,1,2,2,2,4,2,0,3,0,1,0,1,1,2,3,2,2,2,1,2,2,3,3,1,1,3,1,1,1,2,2,1,1,3
"Insulation Workers, Mechanical",3,1,3,2,1,3,2,1,2,0,1,0,2,2,2,1,2,3,1,1,0,1,2,1,2,2,3,1,0,1,2,0,1,2,3
"Painters, Construction and Maintenance",3,1,2,2,1,2,1,0,2,0,2,0,1,1,2,2,2,3,1,1,1,2,2,2,2,2,2,1,1,1,1,0,1,2,2
Paperhangers,3,1,1,1,1,3,2,0,2,0,1,0,2,2,1,1,2,2,1,0,0,2,2,2,1,1,3,1,0,0,2,0,0,1,2
Pipelayers,5,1,1,2,2,4,2,3,5,0,2,0,1,2,2,4,2,3,2,1,4,1,4,2,2,2,3,1,1,0,2,3,1,2,3
"Plumbers, Pipefitters, and Steamfitters",5,2,2,4,1,4,3,4,6,1,1,0,3,2,3,5,3,3,4,1,6,2,3,2,2,3,3,2,1,1,3,4,1,2,3
Solar Thermal Installers and Technicians,7,3,4,4,3,5,3,10,6,1,2,1,3,3,3,7,3,4,4,3,5,4,3,4,4,2,3,2,1,1,4,5,1,3,4
Plasterers and Stucco Masons,5,1,2,2,2,3,2,1,2,0,1,0,2,1,1,3,2,3,2,1,1,2,2,2,1,2,3,1,1,1,2,0,2,1,2
Reinforcing Iron and Rebar Workers,4,1,1,2,1,3,2,0,2,0,1,0,2,1,2,3,2,2,1,1,1,1,3,1,1,2,4,2,0,1,2,1,1,1,2
Roofers,3,1,2,1,1,3,2,1,2,0,1,0,2,2,2,2,2,3,1,1,1,2,3,2,2,2,6,2,1,1,2,1,1,2,3
Sheet Metal Workers,5,1,2,2,1,4,3,3,5,1,1,0,2,2,2,5,3,4,2,1,5,1,3,2,2,2,4,3,1,2,3,4,1,2,3
Structural Iron and Steel Workers,5,1,3,2,1,5,4,1,3,0,2,0,3,2,2,4,3,3,2,2,2,2,4,2,2,2,5,1,1,2,4,2,2,2,3
Solar Photovoltaic Installers,6,2,3,3,2,3,3,6,6,1,1,0,3,2,3,5,2,3,3,2,4,2,3,3,2,2,4,3,1,2,4,4,2,2,4
"Helpers--Brickmasons, Blockmasons, Stonemasons, and Tile and Marble Setters",4,1,1,2,1,3,2,0,4,0,1,0,2,1,1,3,1,3,1,1,2,1,3,1,1,2,3,2,0,1,3,2,1,1,3
Helpers--Carpenters,4,1,2,1,1,3,2,2,3,0,1,0,2,2,2,5,2,2,1,1,3,2,2,2,1,1,3,2,1,1,2,2,1,2,2
Helpers--Electricians,5,1,2,1,1,4,2,4,5,1,1,0,2,2,2,5,1,2,1,0,4,2,3,2,2,1,3,1,0,1,2,4,1,2,2
"Helpers--Painters, Paperhangers, Plasterers, and Stucco Masons",4,1,1,1,1,3,2,0,4,0,1,0,1,1,1,3,2,2,1,0,3,2,2,2,0,1,3,0,0,0,2,3,0,1,2
"Helpers--Pipelayers, Plumbers, Pipefitters, and Steamfitters",3,0,1,1,1,2,2,2,3,0,1,0,1,1,1,4,1,1,1,1,4,1,2,1,1,1,3,1,1,0,2,2,1,1,2
Helpers--Roofers,5,1,2,2,1,2,2,1,3,0,1,0,2,1,1,5,2,2,2,1,2,2,2,1,1,1,5,1,1,0,2,3,1,1,2
Construction and Building Inspectors,6,3,4,4,4,3,4,0,2,2,2,1,4,6,4,0,4,4,4,1,0,3,1,5,5,3,3,3,0,2,4,0,0,4,3
Energy Auditors,5,5,4,5,3,4,4,0,3,3,2,0,4,5,4,3,3,4,5,2,0,3,2,4,5,5,3,4,1,4,4,0,2,4,4
Elevator and Escalator Installers and Repairers,8,2,4,4,1,6,2,6,10,1,1,0,4,2,3,9,2,4,4,2,9,2,4,2,3,3,3,2,0,1,2,8,1,2,3
Fence Erectors,4,1,1,2,1,4,2,0,2,0,1,0,2,1,2,4,2,3,2,1,2,2,3,2,1,2,3,2,1,1,2,2,2,1,3
Hazardous Materials Removal Workers,5,3,3,3,3,4,3,1,5,1,2,0,3,3,3,4,3,4,2,1,3,3,4,4,3,2,3,1,1,1,4,3,2,2,5
Highway Maintenance Workers,5,1,1,2,2,5,2,0,5,0,2,0,3,2,1,2,2,2,2,1,3,2,4,3,2,2,4,1,0,0,2,3,1,2,3
Rail-Track Laying and Maintenance Equipment Operators,6,1,2,2,1,5,3,0,6,0,1,0,2,1,2,5,2,3,2,1,5,1,4,2,1,2,4,2,1,1,3,5,1,2,3
Septic Tank Servicers and Sewer Pipe Cleaners,5,2,3,2,2,5,3,2,5,0,2,0,3,2,2,4,2,3,2,1,5,2,4,3,2,2,3,2,1,1,3,4,2,2,3
Segmental Pavers,4,2,2,2,3,3,3,0,4,0,2,0,2,3,2,3,4,3,2,1,2,3,3,4,2,2,5,1,1,2,3,2,1,3,3
Weatherization Installers and Technicians,5,3,3,4,2,4,3,5,5,1,1,1,2,3,3,4,3,3,3,2,4,4,3,4,3,3,3,3,2,2,3,3,2,2,4
"Derrick Operators, Oil and Gas",7,2,3,2,2,7,4,0,6,0,2,0,3,3,3,5,5,3,3,0,7,1,5,2,2,2,4,2,1,0,4,5,2,2,5
"Rotary Drill Operators, Oil and Gas",6,3,3,2,3,6,4,0,5,0,2,0,3,3,3,5,4,4,2,0,5,2,5,4,3,3,4,1,0,1,5,5,1,2,5
"Service Unit Operators, Oil and Gas",6,3,3,3,2,6,3,2,6,0,2,1,3,3,3,5,3,3,3,0,5,3,5,3,3,2,3,2,1,1,3,5,2,2,5
"Excavating and Loading Machine and Dragline Operators, Surface Mining",5,2,3,2,2,5,2,0,5,0,2,0,3,2,2,7,4,3,2,1,5,2,5,4,3,2,3,2,1,2,2,5,1,2,3
"Earth Drillers, Except Oil and Gas",5,2,2,2,2,7,2,1,5,0,1,0,3,2,2,6,2,2,2,1,5,2,6,2,2,2,3,1,1,1,3,5,1,2,4
"Explosives Workers, Ordnance Handling Experts, and Blasters",4,3,4,3,3,5,4,1,5,1,2,0,4,3,3,5,4,5,3,1,3,2,4,3,4,4,4,2,1,2,4,3,2,4,6
Continuous Mining Machine Operators,4,1,2,2,1,7,3,1,6,0,1,0,3,1,2,4,3,3,2,1,5,2,5,2,1,3,3,1,0,1,2,6,0,2,3
"Roof Bolters, Mining",5,1,3,2,2,5,3,2,6,0,1,0,2,1,2,5,2,4,2,0,5,2,4,2,1,2,4,1,1,0,3,5,1,2,4
"Loading and Moving Machine Operators, Underground Mining",3,1,1,1,2,5,1,0,6,0,1,0,2,2,2,5,2,1,0,0,5,2,4,2,2,1,3,1,0,1,2,5,1,2,2
"Rock Splitters, Quarry",3,1,1,1,1,4,2,0,3,0,1,0,2,1,1,3,1,2,1,0,2,1,4,2,2,1,2,1,0,0,1,2,0,2,2
"Roustabouts, Oil and Gas",5,1,2,2,1,4,2,0,4,0,1,0,1,1,1,4,2,2,2,1,4,1,3,1,1,1,3,1,1,0,2,4,1,1,2
Helpers--Extraction Workers,5,1,3,2,1,5,3,0,6,0,1,0,2,1,2,7,2,2,1,1,6,2,4,2,2,2,4,2,1,0,2,5,2,2,5
"First-Line Supervisors of Mechanics, Installers, and Repairers",8,3,5,6,4,5,5,1,7,1,3,1,4,6,4,6,7,7,4,2,5,4,3,5,5,5,6,3,5,3,4,4,6,4,7
"Computer, Automated Teller, and Office Machine Repairers",6,3,3,3,2,4,3,4,7,1,2,1,4,3,3,8,2,4,3,3,6,3,3,3,3,2,3,1,1,2,3,5,1,3,3
"Radio, Cellular, and Tower Equipment Installers and Repairers",7,3,3,4,2,4,3,7,7,1,2,1,3,3,2,6,3,4,4,1,7,2,3,3,3,3,4,3,1,0,3,5,1,2,4
"Telecommunications Equipment Installers and Repairers, Except Line Installers",8,3,4,4,2,5,4,5,9,2,2,1,4,3,4,8,3,4,4,2,7,3,4,3,4,3,3,2,1,2,4,6,1,3,4
Avionics Technicians,8,3,4,4,2,6,3,4,9,3,2,1,5,3,4,7,3,4,4,1,9,3,2,4,4,3,3,1,0,2,4,8,1,3,4
"Electric Motor, Power Tool, and Related Repairers",8,2,3,4,1,5,4,4,9,2,2,1,4,3,3,9,2,3,4,2,9,3,4,3,3,3,3,2,1,1,3,7,2,2,3
"Electrical and Electronics Installers and Repairers, Transportation Equipment",6,3,2,2,2,4,2,3,6,2,2,1,3,3,3,5,2,4,2,2,5,2,3,4,3,2,3,2,1,2,2,4,1,2,3
"Electrical and Electronics Repairers, Commercial and Industrial Equipment",9,3,3,5,2,7,4,4,9,3,2,2,5,3,4,8,3,4,4,3,8,3,4,4,4,3,3,3,1,2,4,7,2,3,4
"Electrical and Electronics Repairers, Powerhouse, Substation, and Relay",6,3,3,4,2,5,2,1,8,2,2,1,3,3,3,5,3,4,4,1,8,3,3,2,4,2,3,2,1,2,3,7,2,2,3
"Electronic Equipment Installers and Repairers, Motor Vehicles",5,3,2,3,3,5,3,5,8,1,2,1,3,3,3,6,2,4,2,2,7,3,3,3,3,2,3,2,1,2,3,5,1,2,3
Audiovisual Equipment Installers and Repairers,8,2,3,4,1,4,3,6,8,1,1,1,4,3,3,7,3,3,4,1,7,4,3,3,3,3,2,2,1,1,3,5,2,2,3
Security and Fire Alarm Systems Installers,6,3,3,3,1,4,3,5,6,1,2,1,3,3,3,4,2,3,3,1,5,3,3,2,3,3,3,1,1,2,3,4,1,2,3
Aircraft Mechanics and Service Technicians,9,3,4,5,2,7,4,3,10,2,2,0,6,4,5,8,3,4,5,2,10,3,4,4,5,3,3,2,0,2,4,10,2,3,4
Automotive Body and Related Repairers,5,1,2,2,2,4,2,2,6,0,2,1,3,2,2,5,2,3,2,1,6,3,3,3,2,2,3,1,1,2,2,4,2,2,3
Automotive Glass Installers and Repairers,5,2,2,2,2,3,2,4,3,0,2,0,2,2,1,6,2,3,2,1,3,3,3,2,1,1,2,1,0,1,2,2,1,2,2
Automotive Service Technicians and Mechanics,6,2,3,4,2,5,3,4,8,0,2,1,3,2,3,6,2,3,4,1,8,3,3,3,2,3,3,2,1,0,3,6,1,2,3
Bus and Truck Mechanics and Diesel Engine Specialists,6,2,3,3,1,5,3,2,9,1,2,1,3,3,3,7,2,3,3,1,9,1,3,2,2,3,3,1,1,1,2,6,1,2,3
Farm Equipment Mechanics and Service Technicians,6,2,3,4,1,5,3,2,9,1,1,1,3,3,3,8,2,3,3,1,9,2,4,2,3,3,2,2,1,1,2,8,1,2,3
"Mobile Heavy Equipment Mechanics, Except Engines",8,3,3,4,2,6,3,3,10,1,2,0,4,3,3,9,4,4,3,2,9,3,4,3,3,3,3,3,1,1,4,8,3,2,3
Rail Car Repairers,6,2,3,3,2,4,3,3,9,1,1,0,2,2,3,5,3,3,3,1,9,2,3,2,2,2,2,1,1,1,2,6,1,2,3
Motorboat Mechanics and Service Technicians,6,2,2,2,1,5,2,1,9,1,1,0,3,2,3,6,1,2,2,1,9,2,4,1,2,2,1,2,1,0,1,7,1,2,3
Motorcycle Mechanics,6,2,4,3,1,4,3,2,9,1,2,0,3,3,2,5,2,4,2,1,8,3,3,3,3,3,3,2,0,1,3,6,1,2,3
Outdoor Power Equipment and Other Small Engine Mechanics,6,2,3,2,1,4,2,1,8,1,1,0,3,2,2,7,1,3,2,1,8,2,4,2,2,2,3,1,1,0,2,7,1,2,3
Bicycle Repairers,6,2,3,3,3,3,3,2,7,0,3,0,3,3,3,7,2,3,2,2,7,4,2,4,3,2,2,1,1,1,3,5,1,3,3
Recreational Vehicle Service Technicians,6,2,4,3,2,4,3,1,7,1,2,0,3,3,3,6,2,3,3,1,8,3,3,3,2,2,3,1,0,1,3,5,1,3,3
Tire Repairers and Changers,4,1,1,2,2,4,2,1,5,0,1,0,2,1,1,3,2,3,2,0,4,3,3,2,1,1,1,1,1,0,2,2,2,1,2
Mechanical Door Repairers,6,2,2,2,2,4,3,4,5,0,2,0,3,3,3,5,3,3,2,2,5,3,3,4,3,2,3,2,1,1,3,4,1,2,3
"Control and Valve Installers and Repairers, Except Mechanical Door",6,3,3,2,1,4,3,3,6,1,2,1,3,3,3,6,1,2,2,1,6,2,3,1,3,3,3,1,1,1,2,5,1,2,3
"Heating, Air Conditioning, and Refrigeration Mechanics and Installers",6,2,4,4,2,6,4,7,7,1,2,1,4,2,3,8,4,3,5,2,7,3,4,3,3,3,3,2,1,1,3,5,3,2,3
Home Appliance Repairers,8,2,2,3,2,5,2,4,8,1,2,0,3,3,3,7,2,4,2,1,8,3,3,3,3,2,2,1,1,2,2,6,2,3,3
Industrial Machinery Mechanics,9,2,4,4,1,7,4,4,10,1,1,1,3,3,3,8,2,4,4,3,9,2,6,2,2,3,3,2,1,2,3,8,1,2,4
"Maintenance Workers, Machinery",6,1,2,2,2,6,2,3,7,0,1,1,3,2,2,6,2,2,2,1,8,1,4,2,2,2,3,1,1,2,2,7,1,2,3
Millwrights,7,2,3,3,3,7,4,6,9,0,2,0,3,3,3,6,3,5,4,2,8,3,4,4,3,3,4,2,1,1,4,7,2,2,4
"Refractory Materials Repairers, Except Brickmasons",4,2,1,1,1,5,2,0,5,0,1,0,1,2,2,4,2,3,1,1,5,2,3,1,2,2,3,1,0,1,3,4,1,2,2
Electrical Power-Line Installers and Repairers,6,2,3,4,1,5,4,4,7,1,2,0,3,2,2,4,4,3,4,1,6,2,4,3,3,3,4,1,0,2,3,4,1,3,4
Telecommunications Line Installers and Repairers,5,2,3,3,2,4,2,2,6,1,2,0,3,2,2,4,2,3,2,1,4,3,3,2,2,2,3,1,1,1,2,4,1,2,3
Camera and Photographic Equipment Repairers,7,2,4,2,1,4,3,1,9,2,1,1,3,3,3,7,1,4,2,3,8,2,1,2,4,3,1,2,2,2,1,6,2,2,3
Medical Equipment Repairers,7,3,3,4,2,6,3,3,9,2,2,1,3,2,3,7,2,3,3,3,9,3,3,3,4,2,2,3,1,2,3,8,2,2,3
Musical Instrument Repairers and Tuners,8,2,3,4,3,4,3,0,7,1,2,0,3,3,3,6,2,4,4,2,7,4,3,4,3,3,2,1,2,2,3,4,3,2,3
Watch and Clock Repairers,5,1,1,2,1,3,1,0,6,1,1,0,3,2,2,5,2,1,2,1,8,3,2,2,2,2,1,1,1,1,1,5,2,2,1
"Maintenance and Repair Workers, General",6,3,4,3,2,4,2,5,9,1,2,0,3,3,2,7,2,3,2,3,8,2,4,2,3,2,3,2,1,2,2,7,2,2,4
Wind Turbine Service Technicians,6,2,4,5,1,6,4,1,10,2,2,0,3,3,3,7,3,3,4,2,9,2,4,1,3,3,4,2,1,1,4,7,3,2,4
"Coin, Vending, and Amusement Machine Servicers and Repairers",5,2,2,4,1,4,1,2,6,0,1,0,2,2,2,4,1,3,3,0,6,3,3,1,2,2,2,1,1,0,1,5,1,2,3
Commercial Divers,7,3,4,4,3,6,4,3,6,2,2,0,4,4,4,7,4,5,3,1,6,2,4,4,4,3,4,1,1,2,4,5,1,4,4
Locksmiths and Safe Repairers,6,2,3,2,2,3,2,3,5,0,1,1,3,3,2,4,2,4,2,2,6,2,3,3,3,2,2,2,1,0,2,5,2,2,2
Manufactured Building and Mobile Home Installers,8,2,4,3,3,5,5,3,6,1,2,0,4,3,3,6,5,5,4,2,6,3,4,4,3,3,5,3,2,2,4,3,3,2,5
Riggers,5,2,2,2,2,4,1,2,5,0,1,0,3,2,2,6,3,3,2,1,4,2,4,2,2,2,4,1,0,2,2,3,0,2,4
Signal and Track Switch Repairers,9,3,3,3,2,6,3,4,10,1,1,1,4,2,3,8,2,4,2,1,9,1,3,2,2,2,2,2,1,0,3,8,1,2,3
"Helpers--Installation, Maintenance, and Repair Workers",5,1,2,2,1,4,2,3,6,0,1,0,1,2,2,5,1,2,2,1,6,2,3,1,1,2,3,1,0,1,2,5,0,2,3
Geothermal Technicians,6,3,4,4,2,7,2,5,8,2,1,1,3,3,2,6,3,3,4,2,6,3,5,2,3,3,3,3,1,2,3,5,2,2,6
First-Line Supervisors of Production and Operating Workers,6,4,4,4,4,5,5,0,3,0,5,0,4,6,4,4,7,7,4,2,3,3,3,5,5,4,6,2,3,4,4,2,3,5,6
"Aircraft Structure, Surfaces, Rigging, and Systems Assemblers",8,3,3,4,2,4,4,4,5,1,1,1,3,3,2,6,2,4,4,3,5,2,3,2,3,2,3,2,1,1,4,4,2,2,4
"Coil Winders, Tapers, and Finishers",3,1,1,1,0,4,2,0,2,0,1,0,1,2,2,1,1,1,1,1,0,1,3,1,2,2,3,1,0,0,2,0,0,2,3
Electrical and Electronic Equipment Assemblers,4,2,3,2,1,4,2,2,3,1,1,0,2,2,2,3,2,3,2,1,2,2,3,2,3,2,3,1,0,1,3,2,1,2,3
Electromechanical Equipment Assemblers,6,1,1,2,1,4,1,1,6,2,0,0,1,2,2,4,1,3,1,1,4,1,2,1,3,2,1,1,0,1,1,4,1,2,3
Engine and Other Machine Assemblers,6,1,2,2,1,5,2,1,5,1,1,1,2,2,2,4,2,2,2,1,5,1,3,2,3,1,2,1,0,1,2,4,1,2,3
Structural Metal Fabricators and Fitters,3,1,1,0,1,3,0,0,3,0,1,0,1,2,1,2,2,2,0,1,1,1,2,2,2,1,2,1,0,1,2,1,0,2,2
Fiberglass Laminators and Fabricators,5,2,3,2,2,4,3,0,3,1,1,0,3,2,2,2,2,3,2,1,1,2,3,3,2,2,2,2,1,0,3,1,2,2,4
Timing Device Assemblers and Adjusters,5,2,1,2,0,3,2,1,5,1,1,0,2,2,2,5,1,3,2,1,6,2,3,2,2,2,1,1,1,1,2,4,0,1,2
Team Assemblers,6,2,1,2,2,4,2,0,3,0,2,0,2,3,2,2,3,3,2,1,2,2,3,3,2,2,4,1,1,0,4,2,1,2,3
Bakers,4,1,3,2,1,3,2,0,2,1,2,0,1,2,2,1,1,3,2,1,0,2,2,1,2,2,3,2,1,2,2,0,1,2,3
Butchers and Meat Cutters,3,2,2,2,3,2,2,0,2,0,2,0,2,3,2,1,4,4,2,0,1,3,2,4,3,2,3,2,2,1,2,1,2,2,3
"Meat, Poultry, and Fish Cutters and Trimmers",3,1,2,1,2,3,2,0,3,0,1,0,1,2,2,2,3,2,1,0,1,2,2,2,1,1,2,1,1,0,2,1,1,1,3
Slaughterers and Meat Packers,3,0,0,1,0,2,1,0,2,0,0,0,0,1,0,1,1,0,1,0,1,1,2,0,0,0,0,0,0,0,1,1,1,1,1
"Food and Tobacco Roasting, Baking, and Drying Machine Operators and Tenders",5,3,2,2,2,6,3,1,3,1,1,0,3,2,2,3,2,2,1,1,2,2,4,3,3,2,3,0,0,1,3,2,0,2,4
Food Batchmakers,4,3,2,1,1,4,2,0,3,1,2,0,2,3,2,1,2,2,1,1,1,1,3,2,3,2,3,2,0,2,2,1,0,2,3
Food Cooking Machine Operators and Tenders,4,2,2,1,1,5,2,0,2,1,1,0,2,1,1,1,2,2,2,0,0,1,3,1,2,1,3,1,1,1,2,1,1,2,3
"Extruding and Drawing Machine Setters, Operators, and Tenders, Metal and Plastic",6,1,2,3,1,6,2,2,5,1,1,0,2,2,2,5,2,3,2,1,4,1,4,2,2,2,3,2,1,1,2,3,1,1,4
"Forging Machine Setters, Operators, and Tenders, Metal and Plastic",5,2,1,2,2,4,2,1,5,0,1,0,2,2,2,3,2,3,2,1,3,1,3,2,3,2,2,1,0,1,2,3,0,2,4
"Rolling Machine Setters, Operators, and Tenders, Metal and Plastic",9,2,3,4,1,7,4,2,5,0,2,0,3,3,2,5,3,4,3,1,5,2,6,1,2,2,3,2,1,1,3,4,1,2,4
"Cutting, Punching, and Press Machine Setters, Operators, and Tenders, Metal and Plastic",7,2,2,1,1,5,2,1,5,1,1,0,2,2,2,2,2,3,1,1,3,1,4,1,2,2,2,2,0,1,2,4,1,2,4
"Drilling and Boring Machine Tool Setters, Operators, and Tenders, Metal and Plastic",5,2,2,2,1,6,2,2,5,1,1,0,2,3,2,4,2,2,2,1,3,1,4,2,3,2,1,2,0,1,2,3,1,2,4
"Grinding, Lapping, Polishing, and Buffing Machine Tool Setters, Operators, and Tenders, Metal and Plastic",7,1,2,3,1,6,2,0,5,0,1,1,2,2,2,5,2,2,2,1,4,1,5,1,3,2,2,3,1,1,2,3,1,1,3
"Lathe and Turning Machine Tool Setters, Operators, and Tenders, Metal and Plastic",6,1,1,2,0,4,2,1,5,0,1,0,2,2,2,5,1,2,2,1,3,1,4,1,3,1,2,2,1,1,2,3,1,2,3
"Milling and Planing Machine Setters, Operators, and Tenders, Metal and Plastic",5,2,2,2,1,7,2,1,5,0,1,0,2,2,2,4,2,2,2,1,3,1,4,1,2,1,2,2,0,1,2,3,1,2,4
Machinists,5,2,3,3,2,4,2,3,5,0,2,1,3,3,2,5,2,3,3,2,4,2,4,2,2,2,3,3,1,2,3,4,1,2,4
Metal-Refining Furnace Operators and Tenders,6,2,2,2,1,7,2,0,5,1,1,0,3,2,2,4,3,3,3,0,3,1,5,2,2,2,2,2,1,1,2,4,2,2,5
"Pourers and Casters, Metal",5,1,1,1,2,4,2,0,4,1,1,0,1,2,2,4,2,2,1,1,3,2,4,2,2,2,3,1,1,1,2,4,1,2,3
"Model Makers, Metal and Plastic",6,2,3,1,1,5,2,0,6,1,1,1,2,2,2,7,2,4,2,3,4,1,4,2,2,2,3,3,1,3,2,3,1,2,4
"Patternmakers, Metal and Plastic",6,1,2,2,1,5,2,0,3,0,1,1,3,2,2,3,2,3,2,2,2,1,3,1,3,2,2,2,0,3,2,2,0,2,3
Foundry Mold and Coremakers,3,1,1,1,1,3,1,0,3,0,1,0,1,0,1,2,2,3,1,0,1,1,2,1,1,1,1,1,1,1,2,1,1,1,3
"Molding, Coremaking, and Casting Machine Setters, Operators, and Tenders, Metal and Plastic",6,2,2,1,1,6,2,1,5,0,1,0,2,2,1,4,2,2,2,0,4,1,4,2,3,1,1,2,0,2,2,4,0,2,3
"Multiple Machine Tool Setters, Operators, and Tenders, Metal and Plastic",7,2,3,3,2,7,3,2,5,0,2,1,3,2,2,4,2,3,2,2,5,2,4,3,3,3,3,2,1,2,3,5,1,2,3
Tool and Die Makers,7,2,4,3,1,4,2,1,5,1,1,0,3,2,2,7,1,4,3,5,5,0,4,1,3,3,3,3,0,5,2,4,1,2,3
"Welders, Cutters, Solderers, and Brazers",6,0,1,2,1,3,2,1,3,1,1,0,2,1,1,4,1,2,1,1,1,1,2,1,1,2,1,1,1,1,2,1,1,1,3
"Welding, Soldering, and Brazing Machine Setters, Operators, and Tenders",4,1,1,1,1,5,2,0,3,0,1,0,2,3,2,3,2,2,1,1,2,1,4,1,2,2,2,1,0,1,2,3,1,2,3
"Heat Treating Equipment Setters, Operators, and Tenders, Metal and Plastic",6,2,3,2,1,6,3,0,5,1,1,1,2,2,2,5,2,3,2,0,4,1,5,1,2,2,3,3,0,2,4,5,1,2,4
"Layout Workers, Metal and Plastic",5,2,3,2,1,4,2,1,3,0,2,0,3,2,2,4,2,2,2,1,2,1,3,2,2,2,3,3,0,2,3,2,0,2,3
"Plating Machine Setters, Operators, and Tenders, Metal and Plastic",5,2,1,2,2,4,2,0,3,1,1,0,1,2,2,3,2,3,1,0,3,2,3,2,3,1,3,1,0,2,2,3,1,2,3
"Tool Grinders, Filers, and Sharpeners",7,2,3,3,2,6,3,0,5,0,1,0,2,1,2,6,2,3,2,1,6,1,5,2,2,2,1,3,1,1,3,6,2,2,3
Prepress Technicians and Workers,4,3,3,3,2,4,2,0,3,1,2,1,3,3,2,3,2,3,2,1,2,3,2,3,3,2,3,1,0,2,3,2,1,2,3
Printing Press Operators,8,2,3,2,1,6,2,0,6,0,2,0,3,3,2,5,2,4,2,1,5,2,4,3,3,2,3,1,1,1,3,5,2,2,4
Print Binding and Finishing Workers,5,2,2,3,1,5,3,1,4,0,1,1,3,2,2,4,3,3,3,1,4,2,3,2,3,2,3,1,1,0,3,4,1,2,3
Laundry and Dry-Cleaning Workers,3,1,2,2,2,3,2,0,3,0,1,0,1,1,1,2,2,2,1,0,1,2,2,2,1,1,1,0,1,1,2,1,1,1,2
"Pressers, Textile, Garment, and Related Materials",2,0,1,1,0,2,1,0,2,0,0,0,0,0,0,2,1,1,1,1,1,1,2,1,0,0,0,0,0,0,0,2,0,0,1
Sewing Machine Operators,4,1,1,1,1,3,2,0,3,0,0,0,1,0,1,1,1,2,1,0,1,1,2,1,1,1,1,1,1,1,2,1,1,1,3
Shoe and Leather Workers and Repairers,3,1,2,1,1,3,1,0,2,0,1,0,1,1,2,3,2,2,1,0,1,2,2,2,1,2,2,1,1,1,2,1,1,1,3
Shoe Machine Operators and Tenders,5,1,1,2,1,4,1,0,4,0,0,0,2,2,1,5,2,2,2,0,3,1,3,1,2,2,0,1,1,1,1,4,1,2,3
"Sewers, Hand",3,1,2,2,1,2,2,0,2,0,1,0,2,0,1,0,2,3,1,1,0,2,2,2,1,2,0,2,1,2,2,0,3,1,2
"Tailors, Dressmakers, and Custom Sewers",3,2,2,1,2,2,2,0,2,0,2,0,2,2,2,3,2,4,1,1,1,3,2,2,2,2,2,1,1,3,2,1,1,2,2
Textile Bleaching and Dyeing Machine Operators and Tenders,5,2,1,2,1,6,2,1,4,0,1,0,1,2,1,4,2,2,2,1,3,1,4,2,2,1,2,2,0,1,2,3,1,2,3
"Textile Cutting Machine Setters, Operators, and Tenders",6,2,1,3,1,6,2,1,5,0,1,1,2,1,1,4,2,3,2,1,5,1,5,1,2,2,3,1,1,1,2,5,1,1,4
"Textile Knitting and Weaving Machine Setters, Operators, and Tenders",5,1,0,1,0,5,2,1,3,0,0,0,1,1,1,4,2,2,1,0,2,1,3,1,2,1,1,1,0,1,2,3,0,1,3
"Textile Winding, Twisting, and Drawing Out Machine Setters, Operators, and Tenders",6,1,1,2,1,6,2,1,5,0,1,0,1,2,2,4,2,1,2,0,4,1,5,1,1,1,2,1,1,1,3,3,1,1,3
"Extruding and Forming Machine Setters, Operators, and Tenders, Synthetic and Glass Fibers",5,2,3,2,2,7,2,0,5,0,1,0,3,2,2,5,2,3,2,1,4,1,4,2,2,2,3,1,1,2,2,3,1,2,4
Fabric and Apparel Patternmakers,6,3,4,4,2,4,4,0,3,0,2,1,3,3,3,1,2,4,3,2,0,3,2,3,3,3,3,3,1,4,4,0,2,3,4
Upholsterers,5,2,3,2,2,4,4,0,3,0,2,0,3,2,3,4,2,4,2,2,3,3,3,3,3,2,2,2,1,2,3,2,2,2,3
Cabinetmakers and Bench Carpenters,7,2,3,2,1,5,2,1,5,0,1,1,2,2,2,7,3,4,2,2,4,2,3,2,2,2,2,3,1,4,2,4,1,1,4
Furniture Finishers,5,1,3,2,2,4,3,0,3,0,2,0,2,2,2,4,3,3,2,1,3,3,3,2,2,2,3,1,1,2,3,2,2,2,3
"Model Makers, Wood",4,2,3,3,1,4,2,0,2,1,2,0,3,3,2,1,2,4,2,1,0,2,3,2,3,2,3,2,1,5,3,0,1,2,4
"Patternmakers, Wood",6,1,2,2,1,4,2,0,3,1,2,0,3,2,2,6,2,3,2,2,3,1,3,1,3,2,1,3,2,4,2,3,2,2,3
"Sawing Machine Setters, Operators, and Tenders, Wood",5,0,1,2,1,4,2,0,5,0,1,0,1,1,2,3,1,2,1,0,4,1,3,1,1,1,2,1,0,1,2,4,1,1,3
"Woodworking Machine Setters, Operators, and Tenders, Except Sawing",6,1,2,1,1,6,2,1,5,0,0,1,2,2,2,6,1,2,1,2,5,1,4,1,2,1,0,2,0,2,1,4,1,2,3
Nuclear Power Reactor Operators,6,3,4,4,3,7,4,0,6,3,2,1,5,3,5,0,4,5,4,0,0,3,5,4,6,4,4,3,1,0,4,0,1,4,7
Power Distributors and Dispatchers,5,3,3,4,3,5,3,0,4,1,2,1,4,4,4,2,4,4,4,1,2,3,4,3,5,3,5,3,1,2,4,1,1,4,5
Power Plant Operators,6,3,3,3,1,7,3,0,6,1,2,1,3,3,4,4,3,3,2,1,5,2,5,2,3,3,3,1,1,1,3,4,1,3,4
Biomass Plant Technicians,5,3,3,4,2,7,4,0,5,1,2,1,3,3,2,5,2,4,3,1,4,3,5,3,3,3,3,3,1,1,3,5,2,2,4
Hydroelectric Plant Technicians,6,3,4,4,2,7,4,3,7,2,2,1,3,3,3,6,3,3,4,2,7,2,5,3,4,3,4,3,1,1,3,7,2,2,6
Stationary Engineers and Boiler Operators,6,3,4,4,2,7,2,2,6,2,1,0,3,3,2,5,3,4,4,1,6,1,4,2,3,3,4,1,0,1,3,5,1,2,4
Water and Wastewater Treatment Plant and System Operators,7,3,3,4,1,6,3,0,6,2,2,0,3,3,3,5,3,4,4,1,6,2,4,2,3,3,3,3,1,1,3,5,1,3,6
Chemical Plant and System Operators,8,3,4,3,2,8,4,0,5,3,1,1,4,3,4,3,3,4,4,0,4,2,6,2,4,3,3,3,1,2,3,4,1,3,6
Gas Plant Operators,7,3,3,4,2,8,3,0,6,1,2,1,3,3,3,4,4,4,3,1,5,2,5,3,3,3,3,3,1,1,3,4,1,2,5
"Petroleum Pump System Operators, Refinery Operators, and Gaugers",6,3,3,4,2,8,4,0,5,1,2,1,3,3,3,4,3,4,3,1,4,2,5,2,4,2,3,2,1,1,3,4,1,2,5
Biofuels Processing Technicians,7,3,3,4,3,6,3,1,6,3,3,1,3,4,2,4,3,3,4,1,5,3,5,3,5,3,4,3,1,0,4,5,2,3,4
Chemical Equipment Operators and Tenders,6,3,3,3,1,7,3,0,5,2,2,0,3,3,3,4,3,3,3,1,3,2,5,2,4,3,3,3,0,2,3,4,1,3,5
"Separating, Filtering, Clarifying, Precipitating, and Still Machine Setters, Operators, and Tenders",5,3,3,3,1,6,4,2,5,2,2,1,3,2,2,3,3,3,2,1,4,2,4,2,2,2,3,2,1,1,3,4,2,2,4
"Crushing, Grinding, and Polishing Machine Setters, Operators, and Tenders",6,3,3,3,2,7,4,0,5,1,2,0,3,3,2,5,3,4,3,1,5,2,5,4,3,2,3,2,1,0,4,4,2,2,4
"Grinding and Polishing Workers, Hand",6,1,2,2,1,5,2,0,5,0,1,0,2,1,1,4,2,2,2,1,5,2,3,2,2,1,2,1,1,1,2,4,1,2,2
"Mixing and Blending Machine Setters, Operators, and Tenders",6,2,2,3,1,5,3,0,5,1,1,0,2,2,2,3,2,4,2,0,5,1,4,1,3,2,3,2,0,0,2,5,1,2,4
"Cutters and Trimmers, Hand",3,1,1,1,1,2,1,0,2,0,2,0,1,1,0,0,2,3,1,0,0,2,2,2,2,2,1,1,0,0,2,0,0,2,2
"Cutting and Slicing Machine Setters, Operators, and Tenders",8,1,2,3,1,6,2,1,5,0,1,1,2,1,2,4,2,2,2,1,4,1,5,1,3,2,3,2,1,1,2,4,1,2,4
"Extruding, Forming, Pressing, and Compacting Machine Setters, Operators, and Tenders",6,2,2,2,1,6,2,1,5,0,1,0,2,2,2,4,2,2,2,1,4,1,5,1,2,1,2,1,0,1,2,3,1,2,4
"Furnace, Kiln, Oven, Drier, and Kettle Operators and Tenders",5,2,2,1,1,6,1,0,3,1,1,0,2,3,2,1,2,1,1,0,1,1,4,1,3,1,2,2,0,0,2,2,0,2,4
"Inspectors, Testers, Sorters, Samplers, and Weighers",8,3,2,2,2,4,2,0,3,1,1,0,2,3,3,2,2,3,2,1,1,2,3,2,3,2,3,2,1,2,2,1,1,2,3
Jewelers and Precious Stone and Metal Workers,6,2,2,2,2,3,2,0,2,0,1,0,3,2,2,3,2,3,2,2,1,2,2,3,2,2,1,2,2,4,2,1,2,2,2
Gem and Diamond Workers,7,2,2,1,1,3,2,0,2,0,2,0,2,3,2,5,2,2,1,2,2,3,2,3,2,3,2,3,2,3,1,2,2,2,3
Dental Laboratory Technicians,5,3,3,2,2,4,4,0,3,1,2,0,3,3,3,4,2,4,2,2,2,2,3,2,3,2,2,2,1,1,3,2,2,2,3
Medical Appliance Technicians,9,3,3,4,2,5,4,1,7,1,3,0,4,4,4,6,2,4,3,4,5,4,3,3,5,3,3,3,1,3,4,4,2,4,4
Ophthalmic Laboratory Technicians,6,2,2,2,1,4,3,0,3,1,1,1,2,2,2,5,2,3,2,1,4,3,4,2,2,2,2,2,1,1,2,2,1,2,3
Packaging and Filling Machine Operators and Tenders,5,2,1,2,2,5,2,0,4,0,2,0,1,1,1,3,2,2,2,0,3,2,3,2,2,1,3,1,0,0,2,4,0,2,3
"Painting, Coating, and Decorating Workers",3,1,1,1,1,2,2,0,2,0,2,0,1,2,1,2,2,2,1,1,0,2,1,2,1,1,2,1,0,1,2,1,1,1,2
"Coating, Painting, and Spraying Machine Setters, Operators, and Tenders",6,1,2,2,1,6,3,0,5,0,1,0,2,1,1,6,2,2,2,0,5,1,3,1,2,1,3,1,0,0,2,4,1,1,3
Semiconductor Processing Technicians,7,2,2,2,1,6,2,0,5,1,2,1,2,2,2,4,2,3,1,1,4,1,3,2,4,2,2,1,0,2,2,4,1,2,4
Photographic Process Workers and Processing Machine Operators,6,2,3,4,3,5,3,0,4,1,2,2,3,3,2,6,2,3,3,2,3,4,3,4,3,2,3,2,2,1,3,3,2,3,4
Computer Numerically Controlled Tool Operators,7,2,3,4,1,7,3,2,5,1,2,2,3,3,4,6,2,3,4,2,5,1,6,1,3,2,3,3,1,3,3,4,1,2,6
Computer Numerically Controlled Tool Programmers,6,3,5,5,2,6,4,0,5,1,2,7,4,3,3,6,3,3,5,3,3,1,3,3,4,3,3,4,1,4,4,3,2,2,5
Adhesive Bonding Machine Operators and Tenders,7,2,2,3,1,7,2,0,5,0,1,0,2,2,1,3,1,3,2,0,5,1,5,2,2,1,3,2,1,1,2,4,1,2,4
"Cleaning, Washing, and Metal Pickling Equipment Operators and Tenders",3,1,1,1,1,4,2,0,3,0,1,0,1,1,1,2,2,3,2,0,1,1,4,2,1,1,1,1,0,0,2,2,0,1,3
Cooling and Freezing Equipment Operators and Tenders,6,3,4,3,2,7,3,0,6,1,1,1,4,3,3,6,3,4,2,1,5,2,5,2,3,3,3,2,1,1,3,5,2,2,5
Etchers and Engravers,5,1,2,2,1,4,2,0,4,0,1,0,1,2,2,4,2,3,1,2,2,2,3,2,3,2,1,1,1,2,2,3,1,2,3
"Molders, Shapers, and Casters, Except Metal and Plastic",5,1,3,2,1,5,3,0,5,0,2,0,3,2,2,4,2,3,2,1,4,1,3,2,3,2,3,2,0,1,2,3,2,2,3
"Stone Cutters and Carvers, Manufacturing",3,1,1,2,1,3,2,0,2,0,1,0,2,1,2,3,2,2,2,1,1,1,2,1,2,1,2,1,0,2,2,1,1,2,2
"Glass Blowers, Molders, Benders, and Finishers",6,2,3,2,1,4,3,0,4,1,1,0,2,2,2,4,2,3,2,1,3,1,4,2,3,2,2,2,1,2,2,3,2,2,4
"Potters, Manufacturing",4,2,1,2,1,4,1,0,2,0,2,0,1,2,2,1,2,2,1,1,0,2,4,2,2,2,2,1,1,2,1,0,2,2,3
"Paper Goods Machine Setters, Operators, and Tenders",5,1,2,3,2,5,2,0,4,0,2,0,2,2,2,4,2,3,2,1,3,2,4,2,1,1,2,1,1,2,2,4,1,2,3
Tire Builders,3,1,1,1,1,5,2,0,3,0,1,0,1,1,1,2,1,2,1,1,1,1,4,1,1,1,0,1,0,0,2,1,1,2,3
Helpers--Production Workers,4,1,1,1,0,3,2,0,2,0,1,0,1,1,1,2,1,1,1,0,2,1,2,1,1,0,2,1,0,1,2,2,1,1,2
Aircraft Cargo Handling Supervisors,4,3,3,4,2,3,6,0,3,0,3,0,3,4,4,2,6,6,3,1,2,3,3,4,3,3,5,3,1,1,4,2,2,3,6
"First-Line Supervisors of Helpers, Laborers, and Material Movers, Hand",3,3,3,4,4,3,5,0,1,0,3,0,4,5,4,0,6,6,4,1,0,3,1,6,4,3,6,2,2,2,4,0,3,4,5
Recycling Coordinators,3,3,4,4,3,3,4,0,1,0,3,0,3,5,3,0,6,6,4,1,0,3,2,5,4,3,5,2,2,1,4,0,3,3,5
First-Line Supervisors of Material-Moving Machine and Vehicle Operators,3,4,4,4,4,3,5,0,3,0,4,0,5,6,4,1,7,8,4,0,2,4,2,4,5,4,7,2,1,3,4,2,3,5,6
"Airline Pilots, Copilots, and Flight Engineers",6,3,7,5,3,10,4,0,6,3,3,0,5,5,5,0,4,7,5,1,0,3,10,3,6,6,6,4,1,2,5,1,2,5,8
Commercial Pilots,4,3,6,4,2,8,5,0,5,3,2,1,5,5,5,0,4,4,4,1,0,3,9,4,5,5,5,2,1,1,5,1,1,4,7
Air Traffic Controllers,4,3,6,5,2,4,5,0,2,1,3,1,8,7,5,0,4,6,5,1,0,4,2,4,5,6,7,3,1,4,5,0,1,5,8
Airfield Operations Specialists,3,4,4,4,3,4,4,0,1,0,2,0,4,6,4,0,4,4,5,1,0,4,3,4,5,3,7,1,1,4,4,0,2,5,7
Flight Attendants,3,3,4,2,3,2,3,0,2,0,4,0,2,6,3,0,3,4,2,1,0,6,1,4,4,2,5,1,1,1,4,0,1,3,6
"Ambulance Drivers and Attendants, Except Emergency Medical Technicians",1,3,4,2,3,3,2,0,2,0,3,0,2,3,3,2,2,3,1,0,1,5,3,3,3,2,3,1,0,1,4,2,1,3,3
Driver/Sales Workers,2,3,2,2,3,2,2,0,2,0,2,0,3,3,3,0,2,3,2,0,0,4,2,4,3,2,3,2,1,0,2,1,1,3,2
Heavy and Tractor-Trailer Truck Drivers,4,2,2,2,1,5,2,1,5,0,1,0,2,2,2,3,1,4,2,0,4,2,5,1,3,2,2,1,1,1,1,4,2,2,3
Light Truck Drivers,2,2,1,2,1,3,1,0,2,0,1,0,1,3,2,1,1,3,2,0,2,2,3,1,3,1,1,2,0,1,2,2,1,2,3
"Bus Drivers, Transit and Intercity",2,1,2,1,1,5,2,0,2,0,2,0,0,1,2,0,1,3,1,1,1,3,4,2,2,1,2,1,1,0,1,1,1,2,2
Locomotive Engineers,5,3,4,2,1,7,4,0,4,0,2,0,3,4,3,1,3,3,2,0,1,1,6,1,4,3,3,2,1,1,3,1,1,3,6
"Rail Yard Engineers, Dinkey Operators, and Hostlers",6,2,3,3,1,6,3,1,6,0,1,0,4,4,2,4,3,4,3,0,5,2,5,2,3,2,4,2,1,0,3,4,1,2,5
"Railroad Brake, Signal, and Switch Operators and Locomotive Firers",5,2,2,2,1,6,3,0,5,0,1,0,2,2,2,2,2,3,2,0,2,2,4,2,2,2,3,1,0,0,3,2,1,2,4
Railroad Conductors and Yardmasters,5,3,3,4,2,5,4,0,3,0,2,0,4,4,4,0,5,6,4,0,0,3,4,4,3,3,6,2,1,2,4,0,1,3,7
Subway and Streetcar Operators,3,2,3,1,2,6,3,0,3,0,2,0,3,3,2,3,2,4,2,0,2,4,5,3,3,2,2,2,1,1,3,2,1,3,4
Sailors and Marine Oilers,6,2,3,2,2,6,3,0,6,1,2,0,3,3,2,5,3,4,2,2,5,3,5,3,3,2,3,2,1,0,3,4,2,2,4
"Captains, Mates, and Pilots of Water Vessels",6,3,4,4,3,5,4,0,5,1,2,1,4,4,3,5,5,5,3,2,5,3,5,4,3,4,5,2,3,1,4,5,4,3,5
Motorboat Operators,5,2,3,3,2,6,3,0,5,0,2,0,3,3,3,5,3,4,3,1,5,4,6,3,2,3,4,2,1,1,4,5,1,2,5
Ship Engineers,6,3,4,4,1,6,3,3,9,2,2,1,5,4,4,7,4,4,4,1,8,3,5,2,4,3,4,2,1,1,4,7,2,3,6
Bridge and Lock Tenders,3,3,1,1,2,4,2,0,3,0,1,0,2,2,2,1,2,3,1,0,1,3,3,3,2,2,3,1,0,0,3,1,0,2,4
Parking Attendants,1,1,1,1,2,2,2,0,1,0,2,0,1,2,1,0,2,1,2,0,0,3,2,2,1,1,2,2,1,0,2,1,1,2,2
Automotive and Watercraft Service Attendants,4,2,1,2,2,3,2,1,3,0,1,0,2,2,2,4,2,3,2,1,5,4,3,3,2,1,3,1,1,0,2,4,1,2,2
Traffic Technicians,4,3,4,5,3,4,4,0,3,3,2,1,5,4,3,2,4,4,5,2,1,3,3,4,4,3,3,3,1,5,4,1,1,4,4
Transportation Inspectors,6,4,3,3,2,4,3,0,2,2,2,0,3,4,3,0,4,4,2,1,0,3,2,3,5,3,4,2,1,2,3,0,1,3,4
Aviation Inspectors,9,4,4,4,3,7,4,0,6,4,2,0,5,6,5,6,4,5,4,1,5,4,3,4,5,3,3,2,1,4,4,4,1,4,5
"Transportation Vehicle, Equipment and Systems Inspectors, Except Aviation",7,2,2,1,1,4,2,0,5,2,2,0,1,2,2,3,2,3,2,1,4,2,3,2,3,2,2,1,0,1,2,4,0,2,3
Passenger Attendants,3,2,2,1,2,3,1,0,2,0,3,0,2,4,2,0,2,2,2,0,0,6,2,4,2,1,3,1,0,0,2,0,0,3,4
Conveyor Operators and Tenders,5,2,3,3,2,7,2,0,5,1,2,0,3,2,2,3,3,3,3,1,3,2,6,2,2,2,2,1,0,2,3,3,1,2,4
Crane and Tower Operators,5,2,2,1,1,5,2,1,5,0,1,0,2,2,2,3,2,3,2,0,4,1,5,2,3,2,3,2,0,1,2,4,1,2,3
Dredge Operators,4,1,2,2,1,6,3,0,5,0,1,0,2,1,2,5,3,2,2,1,3,1,4,2,1,2,3,1,1,1,3,3,1,1,3
Hoist and Winch Operators,4,1,2,2,2,5,3,0,4,0,1,0,2,2,2,5,3,4,2,0,4,2,4,3,2,2,4,2,1,1,3,3,1,2,3
Industrial Truck and Tractor Operators,2,1,1,2,1,4,2,0,5,0,1,0,1,1,1,2,1,2,2,1,2,1,4,1,2,1,3,1,1,1,2,4,1,1,2
Cleaners of Vehicles and Equipment,5,0,0,1,1,4,1,0,3,0,0,0,0,0,0,3,1,2,1,0,2,1,3,0,0,0,0,0,0,0,1,2,1,0,2
"Laborers and Freight, Stock, and Material Movers, Hand",3,1,1,2,1,3,2,0,3,0,1,0,1,1,1,3,2,1,1,0,2,1,3,1,2,1,3,1,0,0,2,2,1,1,1
Recycling and Reclamation Workers,4,2,2,1,1,4,2,0,4,0,1,0,1,1,1,3,2,2,1,1,3,2,3,1,2,1,1,1,0,0,2,3,1,2,3
Machine Feeders and Offbearers,4,1,1,1,1,5,2,0,3,0,1,0,1,2,1,1,1,2,1,0,1,1,2,2,2,1,1,1,1,0,2,1,1,1,3
"Packers and Packagers, Hand",3,1,0,1,0,1,1,0,1,0,0,0,0,1,0,1,1,1,1,0,0,1,1,0,1,0,1,1,0,0,1,0,0,1,2
Stockers and Order Fillers,2,2,1,2,1,2,2,0,2,0,2,1,1,2,1,0,2,2,2,1,0,3,2,2,3,1,2,1,1,0,2,0,1,2,2
Gas Compressor and Gas Pumping Station Operators,5,3,2,3,2,7,2,0,6,1,1,0,3,3,3,3,2,3,2,1,5,2,5,2,3,2,3,2,1,0,2,5,1,2,3
"Pump Operators, Except Wellhead Pumpers",5,2,3,2,2,6,2,0,5,1,1,1,3,3,2,4,3,3,2,1,4,2,4,2,3,2,3,2,1,1,3,4,2,2,5
Wellhead Pumpers,4,1,1,1,0,7,1,0,6,0,1,0,3,3,2,4,2,3,1,1,6,0,5,1,2,2,1,1,0,0,2,5,1,2,4
Refuse and Recyclable Material Collectors,3,1,1,0,1,3,0,0,3,0,1,0,1,1,1,1,2,2,0,0,3,1,3,2,1,1,2,0,0,0,1,3,0,1,1
"Tank Car, Truck, and Ship Loaders",5,3,3,3,2,6,3,0,4,0,1,0,3,2,2,4,4,4,2,1,3,2,4,2,3,2,3,2,1,0,3,3,2,2,3
